purpose,layout_mode,method,n_saplings,n_repeats,palette_species,total_W,mean_W_per_placed,placed,unmatched_saplings,viol_below_threshold,viol_point_reused,viol_over_quota,viol_spacing,runtime_s,violations_total
urban,points,hungarian,300,1,6,201.6537,0.6722,300.0,0.0,0.0,0.0,0.0,0.0,0.0316,0.0
urban,points,greedy,300,1,6,201.6537,0.6722,300.0,0.0,0.0,0.0,0.0,0.0,0.0477,0.0
urban,points,random_feasible,300,20,6,192.6438,0.6421,300.0,0.0,0.0,0.0,0.0,0.0,0.006,0.0
urban,points,random_blind,300,20,6,157.0307,0.5234,300.0,0.0,53.3,0.0,0.0,0.0,0.0096,53.3
planting,points,hungarian,300,1,6,172.3692,0.5746,300.0,0.0,0.0,0.0,0.0,0.0,0.0334,0.0
planting,points,greedy,300,1,6,172.3692,0.5746,300.0,0.0,0.0,0.0,0.0,0.0,0.0405,0.0
planting,points,random_feasible,300,20,6,162.2831,0.5409,300.0,0.0,0.0,0.0,0.0,0.0,0.0071,0.0
planting,points,random_blind,300,20,6,146.8955,0.4897,300.0,0.0,28.5,0.0,0.0,0.0,0.0088,28.5
watershed,points,hungarian,300,1,6,184.545,0.6152,300.0,0.0,0.0,0.0,0.0,0.0,0.0414,0.0
watershed,points,greedy,300,1,6,184.545,0.6152,300.0,0.0,0.0,0.0,0.0,0.0,0.0919,0.0
watershed,points,random_feasible,300,20,6,169.1053,0.5637,300.0,0.0,0.0,0.0,0.0,0.0,0.0075,0.0
watershed,points,random_blind,300,20,6,154.4354,0.5148,300.0,0.0,27.5,0.0,0.0,0.0,0.0083,27.5
urban,blocks,hungarian,300,1,6,10.0394,0.6693,15.0,0.0,0.0,0.0,0.0,0.0,0.0025,0.0
urban,blocks,greedy,300,1,6,10.0394,0.6693,15.0,0.0,0.0,0.0,0.0,0.0,0.0036,0.0
urban,blocks,random_feasible,300,20,6,9.6158,0.6411,15.0,0.0,0.0,0.0,0.0,0.0,0.0005,0.0
urban,blocks,random_blind,300,20,6,7.7337,0.5156,15.0,0.0,2.9,0.0,0.0,0.0,0.0005,2.9
planting,blocks,hungarian,300,1,6,6.8934,0.5744,12.0,0.0,0.0,0.0,0.0,0.0,0.0015,0.0
planting,blocks,greedy,300,1,6,6.8934,0.5745,12.0,0.0,0.0,0.0,0.0,0.0,0.0025,0.0
planting,blocks,random_feasible,300,20,6,6.4424,0.5369,12.0,0.0,0.0,0.0,0.0,0.0,0.0004,0.0
planting,blocks,random_blind,300,20,6,5.8685,0.489,12.0,0.0,1.15,0.0,0.0,0.0,0.0005,1.15
watershed,blocks,hungarian,300,1,6,6.658,0.6053,11.0,0.0,0.0,0.0,0.0,0.0,0.0027,0.0
watershed,blocks,greedy,300,1,6,6.658,0.6053,11.0,0.0,0.0,0.0,0.0,0.0,0.0029,0.0
watershed,blocks,random_feasible,300,20,6,6.0779,0.5525,11.0,0.0,0.0,0.0,0.0,0.0,0.0004,0.0
watershed,blocks,random_blind,300,20,6,5.4052,0.4914,11.0,0.0,1.15,0.0,0.0,0.0,0.0004,1.15
