model,setting,noise,metric,mean,std,n_folds,n_rows
RandomForest,random,0.0,accuracy,0.9982,0.0009,5,30000
RandomForest,random,0.0,precision,0.9982,0.0009,5,30000
RandomForest,random,0.0,recall,0.9992,0.0004,5,30000
RandomForest,random,0.0,f1,0.9987,0.0006,5,30000
RandomForest,random,0.0,roc_auc,1.0,0.0,5,30000
RandomForest,random,0.0,brier,0.0034,0.0015,5,30000
LogisticRegression,random,0.0,accuracy,0.9869,0.0014,5,30000
LogisticRegression,random,0.0,precision,0.9896,0.002,5,30000
LogisticRegression,random,0.0,recall,0.9916,0.0013,5,30000
LogisticRegression,random,0.0,f1,0.9906,0.001,5,30000
LogisticRegression,random,0.0,roc_auc,0.9971,0.0003,5,30000
LogisticRegression,random,0.0,brier,0.0139,0.0009,5,30000
KNN,random,0.0,accuracy,0.9672,0.0038,5,30000
KNN,random,0.0,precision,0.9694,0.0036,5,30000
KNN,random,0.0,recall,0.9836,0.0026,5,30000
KNN,random,0.0,f1,0.9764,0.0027,5,30000
KNN,random,0.0,roc_auc,0.9958,0.0007,5,30000
KNN,random,0.0,brier,0.0271,0.0012,5,30000
DecisionTree,random,0.0,accuracy,0.9993,0.0002,5,30000
DecisionTree,random,0.0,precision,0.9995,0.0003,5,30000
DecisionTree,random,0.0,recall,0.9995,0.0004,5,30000
DecisionTree,random,0.0,f1,0.9995,0.0002,5,30000
DecisionTree,random,0.0,roc_auc,0.9994,0.0005,5,30000
DecisionTree,random,0.0,brier,0.0006,0.0003,5,30000
RandomForest (calibrated),random,0.0,accuracy,0.9983,0.0003,5,30000
RandomForest (calibrated),random,0.0,precision,0.9987,0.0003,5,30000
RandomForest (calibrated),random,0.0,recall,0.9987,0.0007,5,30000
RandomForest (calibrated),random,0.0,f1,0.9987,0.0003,5,30000
RandomForest (calibrated),random,0.0,roc_auc,0.9999,0.0001,5,30000
RandomForest (calibrated),random,0.0,brier,0.0014,0.0003,5,30000
RandomForest,random,0.05,accuracy,0.9472,0.003,5,30000
RandomForest,random,0.05,precision,0.9481,0.0042,5,30000
RandomForest,random,0.05,recall,0.9751,0.0011,5,30000
RandomForest,random,0.05,f1,0.9614,0.0023,5,30000
RandomForest,random,0.05,roc_auc,0.9378,0.0049,5,30000
RandomForest,random,0.05,brier,0.054,0.0029,5,30000
LogisticRegression,random,0.05,accuracy,0.9284,0.0035,5,30000
LogisticRegression,random,0.05,precision,0.9311,0.0038,5,30000
LogisticRegression,random,0.05,recall,0.9652,0.0023,5,30000
LogisticRegression,random,0.05,f1,0.9479,0.0027,5,30000
LogisticRegression,random,0.05,roc_auc,0.9345,0.0038,5,30000
LogisticRegression,random,0.05,brier,0.0771,0.0026,5,30000
KNN,random,0.05,accuracy,0.9196,0.0043,5,30000
KNN,random,0.05,precision,0.923,0.0048,5,30000
KNN,random,0.05,recall,0.9609,0.0027,5,30000
KNN,random,0.05,f1,0.9416,0.0033,5,30000
KNN,random,0.05,roc_auc,0.9336,0.0063,5,30000
KNN,random,0.05,brier,0.072,0.0034,5,30000
DecisionTree,random,0.05,accuracy,0.9408,0.0042,5,30000
DecisionTree,random,0.05,precision,0.9389,0.0058,5,30000
DecisionTree,random,0.05,recall,0.9758,0.001,5,30000
DecisionTree,random,0.05,f1,0.957,0.0031,5,30000
DecisionTree,random,0.05,roc_auc,0.9342,0.006,5,30000
DecisionTree,random,0.05,brier,0.0548,0.0035,5,30000
RandomForest (calibrated),random,0.05,accuracy,0.9475,0.0032,5,30000
RandomForest (calibrated),random,0.05,precision,0.9492,0.004,5,30000
RandomForest (calibrated),random,0.05,recall,0.9744,0.0011,5,30000
RandomForest (calibrated),random,0.05,f1,0.9616,0.0024,5,30000
RandomForest (calibrated),random,0.05,roc_auc,0.9377,0.0046,5,30000
RandomForest (calibrated),random,0.05,brier,0.0493,0.0029,5,30000
RandomForest,spatial,0.0,accuracy,0.9983,0.0005,5,30000
RandomForest,spatial,0.0,precision,0.9981,0.0006,5,30000
RandomForest,spatial,0.0,recall,0.9993,0.0003,5,30000
RandomForest,spatial,0.0,f1,0.9987,0.0004,5,30000
RandomForest,spatial,0.0,roc_auc,0.9999,0.0001,5,30000
RandomForest,spatial,0.0,brier,0.0032,0.0005,5,30000
LogisticRegression,spatial,0.0,accuracy,0.9865,0.0024,5,30000
LogisticRegression,spatial,0.0,precision,0.989,0.0018,5,30000
LogisticRegression,spatial,0.0,recall,0.9914,0.0028,5,30000
LogisticRegression,spatial,0.0,f1,0.9902,0.0023,5,30000
LogisticRegression,spatial,0.0,roc_auc,0.9967,0.0007,5,30000
LogisticRegression,spatial,0.0,brier,0.0147,0.001,5,30000
KNN,spatial,0.0,accuracy,0.9644,0.0034,5,30000
KNN,spatial,0.0,precision,0.9683,0.0075,5,30000
KNN,spatial,0.0,recall,0.9807,0.0066,5,30000
KNN,spatial,0.0,f1,0.9745,0.0023,5,30000
KNN,spatial,0.0,roc_auc,0.995,0.0013,5,30000
KNN,spatial,0.0,brier,0.0287,0.0014,5,30000
DecisionTree,spatial,0.0,accuracy,0.9973,0.0044,5,30000
DecisionTree,spatial,0.0,precision,0.997,0.0056,5,30000
DecisionTree,spatial,0.0,recall,0.9993,0.0003,5,30000
DecisionTree,spatial,0.0,f1,0.9982,0.003,5,30000
DecisionTree,spatial,0.0,roc_auc,0.9992,0.0004,5,30000
DecisionTree,spatial,0.0,brier,0.0022,0.0034,5,30000
RandomForest (calibrated),spatial,0.0,accuracy,0.9985,0.0007,5,30000
RandomForest (calibrated),spatial,0.0,precision,0.9987,0.0012,5,30000
RandomForest (calibrated),spatial,0.0,recall,0.999,0.0003,5,30000
RandomForest (calibrated),spatial,0.0,f1,0.9989,0.0006,5,30000
RandomForest (calibrated),spatial,0.0,roc_auc,0.9999,0.0002,5,30000
RandomForest (calibrated),spatial,0.0,brier,0.0012,0.0003,5,30000
RandomForest,spatial,0.05,accuracy,0.9468,0.0041,5,30000
RandomForest,spatial,0.05,precision,0.9476,0.0042,5,30000
RandomForest,spatial,0.05,recall,0.9747,0.0072,5,30000
RandomForest,spatial,0.05,f1,0.961,0.0053,5,30000
RandomForest,spatial,0.05,roc_auc,0.9359,0.0035,5,30000
RandomForest,spatial,0.05,brier,0.0548,0.0034,5,30000
LogisticRegression,spatial,0.05,accuracy,0.9278,0.0033,5,30000
LogisticRegression,spatial,0.05,precision,0.9304,0.0041,5,30000
LogisticRegression,spatial,0.05,recall,0.9649,0.0085,5,30000
LogisticRegression,spatial,0.05,f1,0.9473,0.0056,5,30000
LogisticRegression,spatial,0.05,roc_auc,0.9329,0.0046,5,30000
LogisticRegression,spatial,0.05,brier,0.0772,0.0033,5,30000
KNN,spatial,0.05,accuracy,0.9175,0.0063,5,30000
KNN,spatial,0.05,precision,0.9222,0.0104,5,30000
KNN,spatial,0.05,recall,0.9583,0.0077,5,30000
KNN,spatial,0.05,f1,0.9399,0.0067,5,30000
KNN,spatial,0.05,roc_auc,0.931,0.0047,5,30000
KNN,spatial,0.05,brier,0.0733,0.004,5,30000
DecisionTree,spatial,0.05,accuracy,0.9413,0.0038,5,30000
DecisionTree,spatial,0.05,precision,0.939,0.0044,5,30000
DecisionTree,spatial,0.05,recall,0.976,0.0066,5,30000
DecisionTree,spatial,0.05,f1,0.9571,0.0053,5,30000
DecisionTree,spatial,0.05,roc_auc,0.9335,0.0039,5,30000
DecisionTree,spatial,0.05,brier,0.0545,0.003,5,30000
RandomForest (calibrated),spatial,0.05,accuracy,0.9473,0.0041,5,30000
RandomForest (calibrated),spatial,0.05,precision,0.9486,0.0041,5,30000
RandomForest (calibrated),spatial,0.05,recall,0.9743,0.0071,5,30000
RandomForest (calibrated),spatial,0.05,f1,0.9613,0.0052,5,30000
RandomForest (calibrated),spatial,0.05,roc_auc,0.9356,0.0047,5,30000
RandomForest (calibrated),spatial,0.05,brier,0.0494,0.0035,5,30000
RandomForest,species,0.0,accuracy,0.97,0.0248,5,30000
RandomForest,species,0.0,precision,0.9646,0.0326,5,30000
RandomForest,species,0.0,recall,0.9918,0.0072,5,30000
RandomForest,species,0.0,f1,0.9778,0.0189,5,30000
RandomForest,species,0.0,roc_auc,0.9834,0.0308,5,30000
RandomForest,species,0.0,brier,0.0322,0.0187,5,30000
LogisticRegression,species,0.0,accuracy,0.9817,0.0201,5,30000
LogisticRegression,species,0.0,precision,0.9785,0.03,5,30000
LogisticRegression,species,0.0,recall,0.9954,0.0037,5,30000
LogisticRegression,species,0.0,f1,0.9867,0.0146,5,30000
LogisticRegression,species,0.0,roc_auc,0.9863,0.0294,5,30000
LogisticRegression,species,0.0,brier,0.0213,0.0199,5,30000
KNN,species,0.0,accuracy,0.8712,0.0539,5,30000
KNN,species,0.0,precision,0.888,0.0772,5,30000
KNN,species,0.0,recall,0.9342,0.0298,5,30000
KNN,species,0.0,f1,0.9084,0.0391,5,30000
KNN,species,0.0,roc_auc,0.9391,0.0429,5,30000
KNN,species,0.0,brier,0.0912,0.0451,5,30000
DecisionTree,species,0.0,accuracy,0.9825,0.0254,5,30000
DecisionTree,species,0.0,precision,0.9778,0.0309,5,30000
DecisionTree,species,0.0,recall,0.9969,0.0054,5,30000
DecisionTree,species,0.0,f1,0.9871,0.0186,5,30000
DecisionTree,species,0.0,roc_auc,0.977,0.0406,5,30000
DecisionTree,species,0.0,brier,0.0175,0.0259,5,30000
RandomForest (calibrated),species,0.0,accuracy,0.9677,0.0205,5,30000
RandomForest (calibrated),species,0.0,precision,0.9663,0.0273,5,30000
RandomForest (calibrated),species,0.0,recall,0.9868,0.0105,5,30000
RandomForest (calibrated),species,0.0,f1,0.9763,0.0158,5,30000
RandomForest (calibrated),species,0.0,roc_auc,0.9828,0.0309,5,30000
RandomForest (calibrated),species,0.0,brier,0.0272,0.0196,5,30000
RandomForest,species,0.05,accuracy,0.9228,0.0215,5,30000
RandomForest,species,0.05,precision,0.9198,0.0301,5,30000
RandomForest,species,0.05,recall,0.9685,0.0063,5,30000
RandomForest,species,0.05,f1,0.9434,0.0183,5,30000
RandomForest,species,0.05,roc_auc,0.9177,0.0293,5,30000
RandomForest,species,0.05,brier,0.0739,0.0157,5,30000
LogisticRegression,species,0.05,accuracy,0.9234,0.0169,5,30000
LogisticRegression,species,0.05,precision,0.9199,0.0272,5,30000
LogisticRegression,species,0.05,recall,0.9703,0.003,5,30000
LogisticRegression,species,0.05,f1,0.9442,0.0138,5,30000
LogisticRegression,species,0.05,roc_auc,0.9232,0.0245,5,30000
LogisticRegression,species,0.05,brier,0.082,0.0153,5,30000
KNN,species,0.05,accuracy,0.835,0.0505,5,30000
KNN,species,0.05,precision,0.8503,0.0716,5,30000
KNN,species,0.05,recall,0.9194,0.0295,5,30000
KNN,species,0.05,f1,0.8816,0.0377,5,30000
KNN,species,0.05,roc_auc,0.8727,0.0449,5,30000
KNN,species,0.05,brier,0.1221,0.0388,5,30000
DecisionTree,species,0.05,accuracy,0.9305,0.0185,5,30000
DecisionTree,species,0.05,precision,0.9257,0.0267,5,30000
DecisionTree,species,0.05,recall,0.9747,0.0035,5,30000
DecisionTree,species,0.05,f1,0.9494,0.0143,5,30000
DecisionTree,species,0.05,roc_auc,0.9136,0.0276,5,30000
DecisionTree,species,0.05,brier,0.0647,0.0168,5,30000
RandomForest (calibrated),species,0.05,accuracy,0.9216,0.019,5,30000
RandomForest (calibrated),species,0.05,precision,0.9197,0.0277,5,30000
RandomForest (calibrated),species,0.05,recall,0.967,0.0086,5,30000
RandomForest (calibrated),species,0.05,f1,0.9426,0.0165,5,30000
RandomForest (calibrated),species,0.05,roc_auc,0.916,0.0268,5,30000
RandomForest (calibrated),species,0.05,brier,0.069,0.0162,5,30000
