setting,noise,model,accuracy,f1,roc_auc,brier
random,0.0,RandomForest,0.999 -> 0.999,1.000 -> 0.999,1.000 -> 1.000,0.002 -> 0.003
random,0.0,RandomForest (calibrated),0.999 -> 0.999,1.000 -> 0.999,1.000 -> 1.000,0.000 -> 0.001
random,0.0,LogisticRegression,0.985 -> 0.988,0.989 -> 0.991,0.997 -> 0.997,0.015 -> 0.014
random,0.0,KNN,0.968 -> 0.967,0.978 -> 0.976,0.996 -> 0.996,0.027 -> 0.029
random,0.0,DecisionTree,1.000 -> 1.000,1.000 -> 1.000,1.000 -> 1.000,0.000 -> 0.000
random,0.05,RandomForest,0.949 -> 0.948,0.963 -> 0.961,0.932 -> 0.937,0.052 -> 0.054
random,0.05,RandomForest (calibrated),0.949 -> 0.948,0.963 -> 0.961,0.933 -> 0.937,0.048 -> 0.049
random,0.05,LogisticRegression,0.928 -> 0.928,0.949 -> 0.946,0.929 -> 0.935,0.079 -> 0.079
random,0.05,KNN,0.920 -> 0.917,0.943 -> 0.938,0.927 -> 0.932,0.072 -> 0.074
random,0.05,DecisionTree,0.943 -> 0.942,0.959 -> 0.957,0.929 -> 0.936,0.054 -> 0.054
spatial,0.0,RandomForest,0.999 -> 0.999,0.999 -> 0.999,1.000 -> 1.000,0.002 -> 0.003
spatial,0.0,RandomForest (calibrated),0.999 -> 0.999,0.999 -> 0.999,1.000 -> 1.000,0.001 -> 0.001
spatial,0.0,LogisticRegression,0.984 -> 0.988,0.989 -> 0.991,0.997 -> 0.997,0.017 -> 0.015
spatial,0.0,KNN,0.963 -> 0.963,0.974 -> 0.973,0.995 -> 0.994,0.029 -> 0.031
spatial,0.0,DecisionTree,1.000 -> 0.998,1.000 -> 0.999,1.000 -> 0.999,0.000 -> 0.002
spatial,0.05,RandomForest,0.949 -> 0.948,0.963 -> 0.961,0.931 -> 0.937,0.053 -> 0.055
spatial,0.05,RandomForest (calibrated),0.949 -> 0.948,0.963 -> 0.961,0.931 -> 0.935,0.049 -> 0.049
spatial,0.05,LogisticRegression,0.928 -> 0.928,0.949 -> 0.946,0.929 -> 0.933,0.079 -> 0.080
spatial,0.05,KNN,0.916 -> 0.914,0.940 -> 0.936,0.925 -> 0.929,0.074 -> 0.076
spatial,0.05,DecisionTree,0.942 -> 0.942,0.959 -> 0.957,0.928 -> 0.935,0.054 -> 0.054
species,0.0,RandomForest,0.976 -> 0.969,0.983 -> 0.976,0.981 -> 0.982,0.028 -> 0.032
species,0.0,RandomForest (calibrated),0.974 -> 0.969,0.981 -> 0.976,0.980 -> 0.982,0.024 -> 0.028
species,0.0,LogisticRegression,0.979 -> 0.983,0.985 -> 0.987,0.982 -> 0.986,0.022 -> 0.021
species,0.0,KNN,0.879 -> 0.865,0.916 -> 0.901,0.939 -> 0.939,0.087 -> 0.096
species,0.0,DecisionTree,0.978 -> 0.979,0.985 -> 0.985,0.975 -> 0.980,0.022 -> 0.021
species,0.05,RandomForest,0.925 -> 0.922,0.947 -> 0.941,0.912 -> 0.920,0.071 -> 0.075
species,0.05,RandomForest (calibrated),0.925 -> 0.921,0.946 -> 0.940,0.912 -> 0.917,0.069 -> 0.071
species,0.05,LogisticRegression,0.923 -> 0.924,0.945 -> 0.943,0.915 -> 0.923,0.085 -> 0.085
species,0.05,KNN,0.840 -> 0.829,0.888 -> 0.874,0.874 -> 0.876,0.120 -> 0.126
species,0.05,DecisionTree,0.930 -> 0.931,0.951 -> 0.948,0.907 -> 0.908,0.065 -> 0.065
