listed_name,matched_species_id,match_note,in_system
Guyabano,15,same common name as Guyabano (Annona muricata),yes
Cacao,17,same common name as Cacao (Theobroma cacao),yes
Kasoy (Kassoy),19,listed as Kassoy; same common name as Kasoy (Anacardium occidentale),yes
Duhat,7,same common name as Duhat (Syzygium cumini),yes
Narra,1,same common name as Narra (Pterocarpus indicus),yes
Fire Tree,31,same common name as Fire Tree (Delonix regia),yes
Rambutan,18,same common name as Rambutan (Nephelium lappaceum),yes
Sampalok,20,same common name as Sampalok (Tamarindus indica),yes
Avocado,39,same common name as Avocado (Persea americana),yes
Talisay,12,same common name as Talisay (Terminalia catappa),yes
Coconut,28,same common name as Coconut (Cocos nucifera),yes
Calamansi,29,same common name as Calamansi (Citrofortunella microcarpa),yes
Banaba,4,same common name as Banaba (Lagerstroemia speciosa),yes
Mabolo,8,"Mabolo is the fruit tree Diospyros blancoi; our Kamagong has that scientific name, so it is matched to Kamagong",yes
Kape,36,partial match: only Robusta (Coffea canephora) is in the system; the kind of coffee in the nursery is not stated,partial
Banyan,,"possible Weeping Fig, confirm",no
Durian,,not in the system,no
Morong(?),,name uncertain on the handwritten list,no
Tui/Tuai (Bischofia javanica),,not in the system,no
Kamatsile,,not in the system,no
Suha (Citrus maxima),,not in the system,no
Banyaw,,not in the system,no
Luntibani,,not in the system,no
Balitbitan,,not in the system,no
Eugenia,,not in the system,no
Casimjas/Castanas(?),,name uncertain on the handwritten list,no
Camansi,,not in the system,no
Atis,,not in the system,no
Nymp Tree,,probably Neem; not in the system,no
Lagundi,,not in the system,no
Alibangbang,,not in the system,no
Caupiyus(?),,name uncertain on the handwritten list,no
Dungon,,not in the system,no
