s_source,purpose,layout_mode,method,n_saplings,n_repeats,palette_species,total_W,mean_W_per_placed,placed,unmatched_saplings,viol_below_threshold,viol_point_reused,viol_over_quota,viol_spacing,runtime_s,violations_total
rules,urban,points,hungarian,300,1,6,201.931,0.6731,300.0,0.0,0.0,0.0,0.0,0.0,0.0235,0.0
rules,urban,points,greedy,300,1,6,201.931,0.6731,300.0,0.0,0.0,0.0,0.0,0.0,0.0352,0.0
rules,urban,points,random_feasible,300,20,6,190.69,0.6356,300.0,0.0,0.0,0.0,0.0,0.0,0.0049,0.0
rules,urban,points,random_blind,300,20,6,160.6798,0.5356,300.0,0.0,45.0,0.0,0.0,0.0,0.0067,45.0
rules,planting,points,hungarian,300,1,6,180.1528,0.6005,300.0,0.0,0.0,0.0,0.0,0.0,0.0218,0.0
rules,planting,points,greedy,300,1,6,180.1528,0.6005,300.0,0.0,0.0,0.0,0.0,0.0,0.0355,0.0
rules,planting,points,random_feasible,300,20,6,167.9109,0.5597,300.0,0.0,0.0,0.0,0.0,0.0,0.005,0.0
rules,planting,points,random_blind,300,20,6,149.018,0.4967,300.0,0.0,32.15,0.0,0.0,0.0,0.0067,32.15
rules,watershed,points,hungarian,300,1,6,184.545,0.6152,300.0,0.0,0.0,0.0,0.0,0.0,0.024,0.0
rules,watershed,points,greedy,300,1,6,184.545,0.6152,300.0,0.0,0.0,0.0,0.0,0.0,0.035,0.0
rules,watershed,points,random_feasible,300,20,6,168.0026,0.56,300.0,0.0,0.0,0.0,0.0,0.0,0.0048,0.0
rules,watershed,points,random_blind,300,20,6,156.377,0.5213,300.0,0.0,21.9,0.0,0.0,0.0,0.0067,21.9
rules,urban,blocks,hungarian,300,1,6,10.7675,0.673,16.0,0.0,0.0,0.0,0.0,0.0,0.0021,0.0
rules,urban,blocks,greedy,300,1,6,10.7675,0.673,16.0,0.0,0.0,0.0,0.0,0.0,0.0025,0.0
rules,urban,blocks,random_feasible,300,20,6,10.1516,0.6345,16.0,0.0,0.0,0.0,0.0,0.0,0.0004,0.0
rules,urban,blocks,random_blind,300,20,6,8.4425,0.5277,16.0,0.0,2.7,0.0,0.0,0.0,0.0005,2.7
rules,planting,blocks,hungarian,300,1,6,7.2048,0.6004,12.0,0.0,0.0,0.0,0.0,0.0,0.002,0.0
rules,planting,blocks,greedy,300,1,6,7.2048,0.6004,12.0,0.0,0.0,0.0,0.0,0.0,0.0019,0.0
rules,planting,blocks,random_feasible,300,20,6,6.641,0.5534,12.0,0.0,0.0,0.0,0.0,0.0,0.0003,0.0
rules,planting,blocks,random_blind,300,20,6,5.9038,0.492,12.0,0.0,1.45,0.0,0.0,0.0,0.0003,1.45
rules,watershed,blocks,hungarian,300,1,6,6.658,0.6053,11.0,0.0,0.0,0.0,0.0,0.0,0.0014,0.0
rules,watershed,blocks,greedy,300,1,6,6.658,0.6053,11.0,0.0,0.0,0.0,0.0,0.0,0.0017,0.0
rules,watershed,blocks,random_feasible,300,20,6,6.0596,0.5509,11.0,0.0,0.0,0.0,0.0,0.0,0.0002,0.0
rules,watershed,blocks,random_blind,300,20,6,5.5218,0.502,11.0,0.0,0.85,0.0,0.0,0.0,0.0003,0.85
rf,urban,points,hungarian,300,1,6,201.931,0.6731,300.0,0.0,0.0,0.0,0.0,0.0,0.0239,0.0
rf,urban,points,greedy,300,1,6,201.931,0.6731,300.0,0.0,0.0,0.0,0.0,0.0,0.0341,0.0
rf,urban,points,random_feasible,300,20,6,190.671,0.6356,300.0,0.0,0.0,0.0,0.0,0.0,0.0048,0.0
rf,urban,points,random_blind,300,20,6,160.6908,0.5356,300.0,0.0,44.95,0.0,0.0,0.0,0.0067,44.95
rf,planting,points,hungarian,300,1,6,180.1528,0.6005,300.0,0.0,0.0,0.0,0.0,0.0,0.0221,0.0
rf,planting,points,greedy,300,1,6,180.1528,0.6005,300.0,0.0,0.0,0.0,0.0,0.0,0.037,0.0
rf,planting,points,random_feasible,300,20,6,168.1048,0.5603,300.0,0.0,0.0,0.0,0.0,0.0,0.0053,0.0
rf,planting,points,random_blind,300,20,6,149.0559,0.4969,300.0,0.0,32.05,0.0,0.0,0.0,0.0068,32.05
rf,watershed,points,hungarian,300,1,6,184.545,0.6152,300.0,0.0,0.0,0.0,0.0,0.0,0.0225,0.0
rf,watershed,points,greedy,300,1,6,184.545,0.6152,300.0,0.0,0.0,0.0,0.0,0.0,0.0355,0.0
rf,watershed,points,random_feasible,300,20,6,168.1482,0.5605,300.0,0.0,0.0,0.0,0.0,0.0,0.0049,0.0
rf,watershed,points,random_blind,300,20,6,156.4268,0.5214,300.0,0.0,21.8,0.0,0.0,0.0,0.0067,21.8
rf,urban,blocks,hungarian,300,1,6,10.7675,0.673,16.0,0.0,0.0,0.0,0.0,0.0,0.0021,0.0
rf,urban,blocks,greedy,300,1,6,10.7675,0.673,16.0,0.0,0.0,0.0,0.0,0.0,0.0024,0.0
rf,urban,blocks,random_feasible,300,20,6,10.1055,0.6316,16.0,0.0,0.0,0.0,0.0,0.0,0.0003,0.0
rf,urban,blocks,random_blind,300,20,6,8.4415,0.5276,16.0,0.0,2.7,0.0,0.0,0.0,0.0005,2.7
rf,planting,blocks,hungarian,300,1,6,7.2048,0.6004,12.0,0.0,0.0,0.0,0.0,0.0,0.0015,0.0
rf,planting,blocks,greedy,300,1,6,7.2048,0.6004,12.0,0.0,0.0,0.0,0.0,0.0,0.0021,0.0
rf,planting,blocks,random_feasible,300,20,6,6.663,0.5553,12.0,0.0,0.0,0.0,0.0,0.0,0.0003,0.0
rf,planting,blocks,random_blind,300,20,6,5.9039,0.492,12.0,0.0,1.45,0.0,0.0,0.0,0.0003,1.45
rf,watershed,blocks,hungarian,300,1,6,6.658,0.6053,11.0,0.0,0.0,0.0,0.0,0.0,0.0016,0.0
rf,watershed,blocks,greedy,300,1,6,6.658,0.6053,11.0,0.0,0.0,0.0,0.0,0.0,0.0017,0.0
rf,watershed,blocks,random_feasible,300,20,6,6.0336,0.5485,11.0,0.0,0.0,0.0,0.0,0.0,0.0002,0.0
rf,watershed,blocks,random_blind,300,20,6,5.5243,0.5022,11.0,0.0,0.85,0.0,0.0,0.0,0.0003,0.85
