common_name,soil_raw,soil_textures,soil_tags,soil_any_texture,review_status,source_url
Narra,"Clay-loam, Alluvial",Clay Loam,alluvial,False,unverified - agriculturist to confirm,https://urbangoesgreen.com/plant-guide/ornamental/narra/
Molave,"Limestone-based, Sandy",Sandy;Limestone-derived,,False,unverified - agriculturist to confirm,https://projecttreetag.ciit.edu.ph/ttp/2024/03/12/molave/
Dao,"Alluvial, Loam",Loam,alluvial,False,unverified - agriculturist to confirm,https://erdbservices.denr.gov.ph/eskris/iec_for_guest.php?operation=view&pk0=127
Banaba,"Clay, Loam, Alluvial",Loam;Clay,alluvial,False,unverified - agriculturist to confirm,https://tropical.theferns.info/viewtropical.php?id=Lagerstroemia+speciosa
Bitaog,"Sandy, Coastal, Alluvial",Sandy,alluvial;coastal,False,unverified - agriculturist to confirm,https://tropical.theferns.info/viewtropical.php?id=Calophyllum+inophyllum
Kalumpit,"Clay-Loam, Ridge Clay",Clay Loam;Clay,,False,unverified - agriculturist to confirm,https://tropical.theferns.info/viewtropical.php?id=Terminalia+microcarpa
Duhat,"Alluvial Clay, Clay-loam",Clay Loam;Clay,alluvial,False,unverified - agriculturist to confirm,https://apps.worldagroforestry.org/treedb/AFTPDFS/Syzygium_cumini.PDF
Kamagong,"Ridge Clay, Volcanic Loam, Clay-Loam",Clay Loam;Loam;Clay,volcanic,False,unverified - agriculturist to confirm,https://www.nparks.gov.sg/florafaunaweb/flora/2/8/2849
Katmon,"Clay-Loam, Volcanic Loam",Clay Loam;Loam,volcanic,False,unverified - agriculturist to confirm,https://www.nparks.gov.sg/florafaunaweb/flora/2/8/2845
Batikuling,Top soil and manure 10:1,,,False,unverified - agriculturist to confirm,RISE Volume 29 No. 3 - Batikuling (Litsea leytensis Merr.).pdf
Palosapis,"Ridge Clay, Volcanic Loam",Loam;Clay,volcanic,False,unverified - agriculturist to confirm,https://tropical.theferns.info/viewtropical.php?id=Anisoptera+thurifera
Talisay,"Sandy, Rocky, Clay-Loam",Clay Loam;Sandy,rocky,False,unverified - agriculturist to confirm,https://www.ateneo.edu/ais/campusflora/talisay
Clumping Bamboo,"Alluvial, Loam, Clay-Loam",Clay Loam;Loam,alluvial,False,unverified - agriculturist to confirm,https://bicol.da.gov.ph/wp-content/uploads/2021/09/Bamboo-technoguide-2021.pdf
Langka,"Deep, well-drained loam, Sandy-loam",Sandy Loam;Loam,deep;well drained,False,unverified - agriculturist to confirm,https://apps.worldagroforestry.org/treedb/AFTPDFS/Artocarpus_heterophyllus.PDF
Guyabano,Well-drained sandy loam or clay loam,Sandy Loam;Clay Loam,well drained,False,unverified - agriculturist to confirm,https://apps.worldagroforestry.org/treedb/AFTPDFS/Annona_muricata.PDF
Atsuete,"Loam, Clay-Loam",Clay Loam;Loam,,False,unverified - agriculturist to confirm,https://apps.worldagroforestry.org/treedb/AFTPDFS/Bixa_orellana.PDF
Cacao,"Deep clay-loam, Alluvial",Clay Loam,alluvial;deep,False,unverified - agriculturist to confirm,https://apps.worldagroforestry.org/treedb/AFTPDFS/Theobroma_cacao.PDF
Rambutan,"Deep clay-loam, highly organic",Clay Loam,deep;organic,False,unverified - agriculturist to confirm,https://cagayanvalley.da.gov.ph/wp-content/uploads/2018/02/rambutan_final2012.pdf
Kasoy,"Sandy, lateritic, tolerant of poor soils",Sandy,lateritic,False,unverified - agriculturist to confirm,https://apps.worldagroforestry.org/treedb/AFTPDFS/Anacardium_occidentale.PDF
Sampalok,"Deep alluvial, tolerant of poor and rocky soils",,alluvial;rocky;deep,True,unverified - agriculturist to confirm,https://apps.worldagroforestry.org/treedb/AFTPDFS/Tamarindus_indica.PDF
Yakal,"Clay-Loam, Volcanic Loam",Clay Loam;Loam,volcanic,False,unverified - agriculturist to confirm,https://tropical.theferns.info/viewtropical.php?id=Shorea+astylosa
Indian/Carabao Mango,"Deep loam, sandy loam, alluvial",Sandy Loam;Loam,alluvial;deep,False,unverified - agriculturist to confirm,https://philippinetrees.com/philippine-mango-tree-carabao/
Santol,"Clay-Loam, Alluvial",Clay Loam,alluvial,False,unverified - agriculturist to confirm,https://tropical.theferns.info/viewtropical.php?id=Sandoricum+koetjape
Malunggay,"Sandy, Loam, Well-drained",Loam;Sandy,well drained,False,unverified - agriculturist to confirm,https://apps.worldagroforestry.org/treedb2/speciesprofile.php?Spid=1169
Star Apple,"Deep loam, Clay-loam, Sandy",Clay Loam;Loam;Sandy,deep,False,unverified - agriculturist to confirm,https://apps.worldagroforestry.org/treedb2/speciesprofile.php?Spid=524
Banana - Saba,"Deep friable loam, Alluvial",Loam,alluvial;deep;friable,False,unverified - agriculturist to confirm,https://cagayandeoro.da.gov.ph/wp-content/uploads/2013/04/SABA-BANANA-PRODUCTION-GUIDE.pdf
Banana - Latundan,"Deep friable loam, Alluvial",Loam,alluvial;deep;friable,False,unverified - agriculturist to confirm,https://hvcdp.da.gov.ph/wp-content/uploads/2022/05/Banana-Production-Manual.pdf
Coconut,"Sandy, Alluvial, Coastal",Sandy,alluvial;coastal,False,unverified - agriculturist to confirm,https://apps.worldagroforestry.org/treedb2/speciesprofile.php?Spid=545
Calamansi,"Sandy loam, Clay-loam",Sandy Loam;Clay Loam,,False,unverified - agriculturist to confirm,https://ati2.da.gov.ph/ati-4b/content/sites/default/files/2022-12/calamansi_final.pdf
Papaya,"Sandy loam, well-drained",Sandy Loam,well drained,False,unverified - agriculturist to confirm,https://apps.worldagroforestry.org/treedb2/speciesprofile.php?Spid=442
Fire Tree,"Sandy, Loam, highly tolerant of poor soils",Loam;Sandy,,False,unverified - agriculturist to confirm,https://apps.worldagroforestry.org/treedb2/speciesprofile.php?Spid=648
Salinggogon,"Loam, Sandy",Loam;Sandy,,False,unverified - agriculturist to confirm,https://tropical.theferns.info/viewtropical.php?id=Cratoxylum+formosum
White Lauan,"Clay-Loam, Volcanic Loam",Clay Loam;Loam,volcanic,False,unverified - agriculturist to confirm,https://tropical.theferns.info/viewtropical.php?id=Shorea+contorta
Red Lauan,"Clay-Loam, Volcanic Loam",Clay Loam;Loam,volcanic,False,unverified - agriculturist to confirm,https://binhi.ph/tree-info/?tree-name=Red%20Lauan
Bagtikan,"Clay-Loam, Volcanic Loam",Clay Loam;Loam,volcanic,False,unverified - agriculturist to confirm,https://tropical.theferns.info/viewtropical.php?id=Parashorea+malaanonan
Robusta (Coffee),"Deep loam, Volcanic loam",Loam,volcanic;deep,False,unverified - agriculturist to confirm,https://hvcdp.da.gov.ph/wp-content/uploads/2022/05/Coffee-Production-guide.pdf
Apitong,"Clay-Loam, Volcanic Loam",Clay Loam;Loam,volcanic,False,unverified - agriculturist to confirm,https://apps.worldagroforestry.org/treedb/AFTPDFS/Dipterocarpus_grandiflorus.PDF
Chesa/Tiesa,"Sandy, Loam, highly tolerant of poor soils",Loam;Sandy,,False,unverified - agriculturist to confirm,https://apps.worldagroforestry.org/treedb/AFTPDFS/Pouteria_campechiana.PDF
Avocado,"Deep loam, highly aerated",Loam,deep,False,unverified - agriculturist to confirm,https://apps.worldagroforestry.org/treedb2/speciesprofile.php?Spid=1274
Peacock Flower Tree,"Sandy, Loam, adaptable",Loam;Sandy,,False,unverified - agriculturist to confirm,https://www.nparks.gov.sg/florafaunaweb/flora/1/7/1740
Guava,"Highly adaptable, clay to sandy loam",Sandy Loam;Clay,,False,unverified - agriculturist to confirm,https://apps.worldagroforestry.org/treedb2/speciesprofile.php?Spid=1375
Weeping Fig (Balete),"Clay, Loam, Sand, highly adaptable",Loam;Clay;Sandy,,False,unverified - agriculturist to confirm,https://www.nparks.gov.sg/florafaunaweb/flora/2/9/2902
Lemon,"Sandy loam, well-drained",Sandy Loam,well drained,False,unverified - agriculturist to confirm,https://www.nparks.gov.sg/florafaunaweb/flora/3/8/3821
Balai Lamok,"Loam, Clay-Loam, Alluvial",Clay Loam;Loam,alluvial,False,unverified - agriculturist to confirm,https://www.nparks.gov.sg/florafaunaweb/flora/2/8/2828
Kamias,"Rich, well-drained loam, sandy loam",Sandy Loam;Loam,well drained,False,unverified - agriculturist to confirm,https://apps.worldagroforestry.org/treedb/AFTPDFS/Averrhoa_bilimbi.PDF
