species_id,common_name,scientific_name,genus,elev_min_m,elev_max_m,rain_min_mm,rain_max_mm,temp_min_c,temp_max_c,ph_min,ph_max,max_slope_pct,mature_height_m,canopy_spread_m,spacing_min_m,spacing_max_m,timber_density_min,timber_density_max,germination_days_min,germination_days_max,dry_season_months_min,dry_season_months_max,category_raw,origin,use_tags,is_high_value_crop,shade_tol,drought_tol,waterlog_tol,typhoon_res,growth_rate,growth_rate_raw,root_type,root_urban_safety_prov,root_soil_binding_prov,soil_raw,soil_textures,soil_tags,soil_any_texture,urban_tags,purpose_urban,purpose_planting,purpose_watershed,corona_raw,corona_types,corona_has_type_I,planting_months,endangered_raw,endangered_denr,endangered_iucn,endangered_unspecified,sexuality_raw,is_dioecious,n_fixing,foliage,problem_tags,care_tags,deployment_stage,climate_risk_notes,special_care_notes,preferred_climate_seasons,population_survival,planting_difficulty,drought_tolerance_notes,mode_of_nutrition,native_habitat,growth_form,water_preference,light_preference,propagation_method,plant_partners,common_problems,humidity,planting_depth,planting_method,variants,drainage,nutritional_requirements,common_uses,n_cells_cited,n_cells_rank12,confidence_r12
1,Narra,Pterocarpus indicus,Pterocarpus,0.0,600.0,1200.0,3000.0,24.0,27.0,5.0,7.5,30.0,30.0,20.0,10.0,15.0,0.65,0.65,7.0,15.0,4.0,5.0,Native Timber,native,timber,False,Low,High,Medium,Medium,Fast,Fast,Buttress,0.3,0.7,"Clay-loam, Alluvial",Clay Loam,alluvial,False,Parks;Roadside,True,False,False,"Type I, III, IV",I;III;IV,True,5;6;7,Vulnerable,,,Vulnerable,Hermaphroditic,False,True,deciduous,pest;disease,pruning,Sapling (6-8 mos),Vulnerable to dry-season planting without irrigation,Requires pruning of lower branches in urban spaces,Tropical monsoon,,High infrastructure damage risk due to buttress roots,High,Autotrophic / N-Fixing,Primary and secondary forests,Large deciduous tree with fluted trunk,Moderate watering during establishment,Full Sun,"Seeds, Cuttings",Shade-tolerant understory crops,"Leaf miner, fungal rust",High,Collar level,Hole 2x root ball,"Smooth Narra, Prickly Narra",Well-drained,NPK not heavily required due to nitrogen fixing,"Premium timber, urban shading",53,7,0.132
2,Molave,Vitex parviflora,Vitex,0.0,700.0,1000.0,2500.0,24.0,34.0,6.0,8.5,60.0,25.0,15.0,5.0,8.0,0.93,0.93,14.0,28.0,6.0,6.0,Native Timber,native,timber,False,Low,High,Low,High,Slow,Slow,Taproot,0.8,0.7,"Limestone-based, Sandy",Sandy;Limestone-derived,,False,Upland;Slopes,False,False,True,"Type I, III",I;III,True,5;6,Endangered,,,Endangered,Monoecious,False,False,,disease,,Sapling (6 mos),Extremely hardy once established,Minimal maintenance needed; prefers limestone,Dry tropical,,Low infrastructure risk due to taproot,High,Autotrophic,"Secondary forests, limestone ridges","Medium to large tree, crooked trunk",Low watering once established,Full Sun,Seeds,Drought-resistant shrubs,Root rot if waterlogged,Low to Medium,Collar level,Hole 2x root ball,,Well-drained,Calcium/Limestone rich,"High-grade construction, carving",52,42,0.808
3,Dao,Dracontomelon dao,Dracontomelon,0.0,800.0,1500.0,3500.0,24.0,28.0,5.5,7.5,45.0,40.0,25.0,15.0,20.0,0.5,0.5,20.0,30.0,3.0,3.0,Native Timber,native,timber,False,Medium,Medium,High,Medium,Medium,Medium,Massive Buttress,0.1,0.8,"Alluvial, Loam",Loam,alluvial,False,Watershed;Parks,True,False,True,"Type I, III, IV",I;III;IV,True,6;7;8,Vulnerable,,,Vulnerable,Monoecious,False,False,,pest,,Sapling (8 mos),Tolerates flooding well,Do not plant near sidewalks due to massive buttress,Humid tropical,,High infrastructure damage risk,Medium,Autotrophic,"Primary and secondary forests, often along rivers","Tall emergent tree, highly prominent buttresses",High watering,Full Sun to Partial Shade,Seeds,Shade-tolerant ferns,Pest defoliation in early stages,High,Collar level,Hole 2x root ball,,Moderate to Poor,Standard NPK,"Veneer, furniture, edible fruit",52,48,0.923
4,Banaba,Lagerstroemia speciosa,Lagerstroemia,0.0,1000.0,1000.0,3000.0,24.0,28.0,5.5,7.5,15.0,20.0,10.0,5.0,8.0,0.6,0.6,15.0,25.0,3.0,4.0,Native Timber / Ornamental,native,timber;ornamental,False,Low,Medium,High,Medium,Fast,Fast,Fibrous / Taproot,0.6,0.8,"Clay, Loam, Alluvial",Loam;Clay,alluvial,False,Parks;Roadside,True,False,False,"Type I, III, IV",I;III;IV,True,5;6;7,Least Concern,,,Least Concern,Hermaphroditic,False,False,deciduous,disease,pruning,Sapling (4-6 mos),Requires consistent moisture early on,Pruning required for strong branch structure,Tropical monsoon,,Can lift pavements if planted too close,Medium,Autotrophic,"Secondary forests, along rivers","Deciduous tree, wide spreading crown",High watering during establishment,Full Sun,"Seeds, Cuttings",Ornamental understory,"Powdery mildew, leaf spot",High,Collar level,Hole 2x root ball,,Well-drained to Moist,Standard NPK,"Medicinal, ornamental, timber",52,8,0.154
5,Bitaog,Calophyllum inophyllum,Calophyllum,0.0,500.0,1000.0,5000.0,20.0,30.0,5.5,8.0,20.0,25.0,20.0,10.0,15.0,0.75,0.75,30.0,50.0,4.0,5.0,Native Timber / Coastal,native,timber;coastal,False,Low,High,High,High,Slow,Slow,Extensive Taproot,0.7,0.9,"Sandy, Coastal, Alluvial",Sandy,alluvial;coastal,False,Riparian;Coastal;Windbreak,False,False,True,"Type I, II, III, IV",I;II;III;IV,True,5;6;7,Least Concern,,,Least Concern,Hermaphroditic,False,False,,pest,,Seedling/Sapling,Typhoon and strong wind resistant,Salt spray and saline soil tolerant,Tropical coastal,,Large space requirement,High,Autotrophic,"Coastal forests, beaches","Crooked bole, dense canopy",Low watering once established,Full Sun,Seeds,Coastal shrubs,Generally pest-free,High,Collar level,Hole 2x root ball,,Well-drained,Tolerates nutrient-poor soils,"Boat building, medicinal oil (Tamanu)",52,7,0.135
6,Kalumpit,Terminalia microcarpa,Terminalia,0.0,600.0,1500.0,3500.0,24.0,28.0,5.0,7.5,45.0,30.0,20.0,10.0,15.0,0.55,0.55,20.0,30.0,3.0,4.0,Native Timber / Fruit,native,timber;fruit,False,Medium,Medium,Medium,High,Medium,Medium,Buttress,0.3,0.7,"Clay-Loam, Ridge Clay",Clay Loam;Clay,,False,Watershed;Riverbanks,False,False,True,"Type I, III",I;III,True,6;7;8,Vulnerable,,,Vulnerable,Hermaphroditic,False,False,,,,Sapling,Needs protection from extreme drought,Keep away from infrastructure due to roots,Humid tropical,,High infrastructure damage risk,Medium,Autotrophic,Primary and secondary forests,"Large tree, widespreading branches",Moderate watering,Full Sun to Partial Shade,Seeds,Shade-tolerant understory crops,Leaf spot,High,Collar level,Hole 2x root ball,,Well-drained,Standard NPK,"Edible fruit, timber, medicinal wine",52,8,0.154
7,Duhat,Syzygium cumini,Syzygium,0.0,1200.0,1000.0,3000.0,24.0,28.0,5.5,7.5,30.0,20.0,15.0,8.0,12.0,0.7,0.7,14.0,21.0,5.0,6.0,Native Fruit / Timber,native,fruit;timber,False,Medium,High,High,Medium,Fast,Fast,Taproot,0.8,0.7,"Alluvial Clay, Clay-loam",Clay Loam;Clay,alluvial,False,Parks;Agroforestry,True,True,False,"Type I, II, III, IV",I;II;III;IV,True,5;6;7;8,Least Concern,,,Least Concern,Hermaphroditic,False,False,,pest,,Sapling (6 mos),Highly adaptable to extreme weather,Fruit drop can stain pavements,Humid and dry tropical,,Low infrastructure risk,High,Autotrophic,"Forest edges, river banks","Medium tree, dense oval canopy",Low to Moderate watering,Full Sun,"Seeds, Grafting",Understory cash crops,"Scale insects, fruit flies",Medium to High,Collar level,Hole 2x root ball,,Well-drained,Standard NPK,"Edible fruit, medicinal, timber",52,8,0.154
8,Kamagong,Diospyros blancoi,Diospyros,0.0,800.0,1000.0,3000.0,24.0,28.0,5.5,7.5,45.0,25.0,15.0,10.0,15.0,1.09,1.09,24.0,30.0,3.0,4.0,Native Timber / Fruit,native,timber;fruit,False,High,High,Low,High,Slow,Slow,Taproot,0.8,0.7,"Ridge Clay, Volcanic Loam, Clay-Loam",Clay Loam;Loam;Clay,volcanic,False,Biodiversity;Parks,True,True,False,"Type I, III",I;III,True,5;6;7,Endangered,,,Endangered,Dioecious,True,False,evergreen,disease,pruning,Sapling (8-10 mos),Vulnerable to root rot in heavy floods,Prune to maintain strong central leader,Humid tropical,,Slow initial establishment phase,High,Autotrophic,Primary and secondary forests,"Evergreen tree, dark bark, dense crown",Moderate watering,Full Sun to Partial Shade,Seeds,Shade-tolerant shrubs,Root rot in poor drainage,High,Collar level,Hole 2x root ball,,Well-drained,Standard NPK,"Premium timber (Ironwood), Edible fruit (Mabolo)",52,8,0.154
9,Katmon,Dillenia philippinensis,Dillenia,0.0,800.0,1500.0,3500.0,24.0,28.0,5.0,6.5,45.0,15.0,10.0,8.0,12.0,0.65,0.65,30.0,45.0,1.0,2.0,Native Endemic / Fruit,native,fruit,False,High,Low,Medium,Medium,Slow,Slow,Taproot,0.8,0.7,"Clay-Loam, Volcanic Loam",Clay Loam;Loam,volcanic,False,Parks;Biodiversity;Streetscape,True,True,False,"Type II, III, IV",II;III;IV,False,7;8;9,Vulnerable,,,Vulnerable,Hermaphroditic,False,False,,,,Sapling,Needs high humidity; avoid El Niño planting,Protect from prolonged drought,Humid tropical,,Requires consistent moisture,Low,Autotrophic,Forests at low to medium altitudes,"Medium tree, compact crown, peeling bark",High watering,Full Sun to Partial Shade,"Seeds, Stem cuttings",Understory ferns,Leaf spot,High,Collar level,Hole 2x root ball,,Well-drained to Moist,Standard NPK,"Edible fruit, ornamental, timber",52,8,0.154
10,Batikuling,Litsea leytensis Merr.,Litsea,0.0,1000.0,2000.0,3000.0,24.0,33.0,5.5,6.5,45.0,25.0,15.0,10.0,15.0,0.419,0.585,120.0,180.0,1.0,3.0,Native Timber,native,timber,False,Low,Low,Low,Medium,Slow,Very slow,Small buttresses,0.5,0.7,Top soil and manure 10:1,,,False,Forest Restoration,False,True,False,Type II (Quezon) and Type III (Laguna),II;III,False,5;6,"Endangered (DENR), Vulnerable (IUCN)",Endangered,Vulnerable,,Dioecious,True,False,,,shade_nursery,Sapling,Continuing decline in habitat quality due to deforestation,"Needs shading during seedling stage, partial/full sun for saplings",Low and medium altitude forests,,Low germination rate 3-5%,HIgh,Autotrophic,"Endemic to Philippines (Luzon, Negros, Leyte)","80cm diameter, pale brown bark, lanceolate leaves",Soak overnight in tap water pre-germination,Partial to Full Sun,"Seeds, Tissue Culture","Makaasim, Narra, Phoebe",Shot holes on leaves by Coleoptera; Tissue browning,High,Line sowing in seed bed,Sow in line in seed bed,,Well-drained,Manure,"Carving, sculpture, pattern making, ceilings",52,5,0.096
11,Palosapis,Anisoptera thurifera,Anisoptera,0.0,1000.0,1500.0,3500.0,24.0,28.0,5.0,6.5,45.0,40.0,25.0,10.0,15.0,0.65,0.65,14.0,25.0,2.0,3.0,Native Timber,native,timber,False,Medium,Low,Low,Medium,Slow,Slow,Taproot,0.8,0.7,"Ridge Clay, Volcanic Loam",Loam;Clay,volcanic,False,Watershed;Forest Restoration,False,True,True,"Type I, III, IV",I;III;IV,True,7;8,Vulnerable,,,Vulnerable,Hermaphroditic,False,False,,seed_issue,mycorrhiza,Sapling (6-8 mos),Avoid planting in waterlogged lowlands,Dipterocarp species; requires mycorrhizal fungi for optimal growth,Humid tropical,,Requires shaded nursing before field deployment,Low,Autotrophic,Primary forests,"Large, tall canopy tree",High watering,"Partial Shade when young, Full Sun when mature",Seeds,Pioneer forest species for initial shading,Seed recalcitrance (short viability),High,Collar level,Hole 2x root ball,,Well-drained,Standard NPK + Mycorrhiza,"General construction, veneer, plywood",52,8,0.154
12,Talisay,Terminalia catappa,Terminalia,0.0,800.0,1000.0,3500.0,20.0,32.0,5.5,8.5,30.0,25.0,15.0,8.0,12.0,0.55,0.55,20.0,40.0,4.0,6.0,Native Timber / Coastal,native,timber;coastal,False,Low,High,Medium,High,Fast,Fast,Extensive Spreading,0.2,0.7,"Sandy, Rocky, Clay-Loam",Clay Loam;Sandy,rocky,False,Parks;Coastal;Roadside,True,False,True,"Type I, III, IV",I;III;IV,True,5;6;7,Least Concern,,,Least Concern,Monoecious,False,False,,,,Sapling (6 mos),Highly resistant to salt spray and coastal winds,Heavy leaf litter requires sweeping maintenance,Dry and humid tropical,,Roots can lift pavements if planted too close,High,Autotrophic,"Coastal areas, beaches",Pagoda-shaped tiered canopy,Low watering once established,Full Sun,Seeds,Coastal shrubs,Leaf defoliators,Medium,Collar level,Hole 2x root ball,,Well-drained,Tolerant of poor soils,"Shade, medicinal, timber",52,22,0.423
13,Clumping Bamboo,Bambusa spp.,Bambusa,0.0,1500.0,1000.0,4000.0,18.0,32.0,5.0,7.5,70.0,25.0,10.0,5.0,7.0,0.4,0.4,7.0,30.0,4.0,5.0,Grass / Erosion Control,other,grass;erosion control,False,Low,High,High,High,Fast,Very Fast,Fibrous Rhizome,0.5,0.8,"Alluvial, Loam, Clay-Loam",Clay Loam;Loam,alluvial,False,Riverbanks;Property Lines;Watershed,False,False,True,"Type I, II, III, IV",I;II;III;IV,True,5;6;7,Least Concern,,,Least Concern,Hermaphroditic,False,False,,pest;disease,,Rooted Culm Cuttings,Excellent soil binder for landslide-prone areas,Regular harvesting of mature culms required to prevent overcrowding,Humid tropical,,Aggressive growth may overtake small areas,High,Autotrophic,"Riverbanks, ravines, disturbed lands",Clumping tall grass with woody culms,Moderate to High watering,Full Sun,"Culm cuttings, branch cuttings",Riparian native trees,"Bamboo blight, shoot borers",High,Submerged node,Trench or vertical hole,Bambusa spinosa (Kawayang tinik),Well-drained to moderately waterlogged,Nitrogen-heavy fertilizer for culm growth,"Construction, erosion control, edible shoots",53,50,0.943
14,Langka,Artocarpus heterophyllus,Artocarpus,0.0,1000.0,1500.0,2500.0,21.0,32.0,5.5,7.5,25.0,20.0,10.0,8.0,12.0,0.6,0.6,10.0,40.0,3.0,4.0,High-Value Crop / Fruit Tree,crop,fruit tree,True,Medium,Medium,Low,Medium,Medium,Medium to Fast,Taproot,0.8,0.7,"Deep, well-drained loam, Sandy-loam",Sandy Loam;Loam,deep;well drained,False,Agroforestry;Food Security,False,True,False,"Type I, III, IV",I;III;IV,True,5;6;7,Least Concern,,,Least Concern,Monoecious,False,False,evergreen,pest;disease,,Grafted Sapling (6-12 mos),Highly susceptible to root rot in waterlogged soils,Requires excellent drainage; intolerant of standing water,Humid tropical,,Poor drainage will kill the tree,Medium,Autotrophic,Cultivated widely in tropical regions,"Evergreen tree with dense crown, cauliflorous fruiting",Moderate watering,Full Sun,"Seeds, Grafting","Shade-tolerant cash crops (Coffee, Cacao)","Fruit borers, root rot",Medium,Collar level,Hole 2x root ball,,Very Well-drained,"Standard NPK, sensitive to micronutrient deficiency","Edible fruit, timber, agroforestry shading",52,7,0.135
15,Guyabano,Annona muricata,Annona,0.0,1000.0,1000.0,2500.0,21.0,30.0,5.5,6.5,25.0,8.0,6.0,5.0,7.0,0.4,0.4,15.0,30.0,2.0,3.0,High-Value Crop / Fruit Tree,crop,fruit tree,True,Medium,Medium,Low,Low,Fast,Fast,Shallow spreading,0.2,0.6,Well-drained sandy loam or clay loam,Sandy Loam;Clay Loam,well drained,False,Agroforestry;Food Security,False,True,False,"Type I, III, IV",I;III;IV,True,5;6;7,Least Concern,,,Least Concern,Hermaphroditic,False,False,evergreen,pest,,Seedling/Grafted (4-6 mos),Intolerant of severe frost and extreme drought,Shallow root system requires protection from strong winds,Humid tropical,,Poor drainage guarantees root rot,Medium,Autotrophic,Cultivated widely,"Small evergreen tree, low branching",Moderate watering,Full Sun to Partial Shade,"Seeds, Grafting",Can be intercropped with taller shade trees like Langka,"Mealybugs, fruit borers",Medium to High,Collar level,Hole 2x root ball,,Very Well-drained,"Standard NPK, benefits from mulching","Edible fruit, medicinal leaves",52,7,0.135
16,Atsuete,Bixa orellana,Bixa,0.0,2000.0,1000.0,3000.0,20.0,32.0,5.5,7.5,30.0,8.0,6.0,4.0,6.0,0.4,0.4,8.0,10.0,3.0,4.0,High-Value Crop / Dye,crop,dye,True,Medium,High,Low,Medium,Fast,Fast,Taproot,0.8,0.7,"Loam, Clay-Loam",Clay Loam;Loam,,False,Agroforestry;Household Gardens,True,True,False,"Type I, III, IV",I;III;IV,True,5;6;7,Least Concern,,,Least Concern,Hermaphroditic,False,False,,disease,pruning,Sapling (4-6 mos),Susceptible to root rot in waterlogged soils,Pruning required for bushy growth and higher yield,Humid tropical,,Poor drainage is lethal,High,Autotrophic,Cultivated widely,Shrub or small tree,Moderate watering,Full Sun,"Seeds, Cuttings",Intercrop with taller shade trees,"Powdery mildew, root rot",Medium,Collar level,Hole 2x root ball,,Very Well-drained,Standard NPK,"Food coloring (Annatto), medicinal",52,7,0.135
17,Cacao,Theobroma cacao,Theobroma,0.0,1200.0,1500.0,3000.0,21.0,32.0,5.0,7.5,25.0,8.0,6.0,3.0,4.0,0.42,0.42,15.0,20.0,2.0,3.0,High-Value Crop / Fruit Tree,crop,fruit tree,True,High,Low,Low,Low,Medium,Medium,Taproot with lateral surface roots,0.6,0.8,"Deep clay-loam, Alluvial",Clay Loam,alluvial;deep,False,Agroforestry;Understory,False,True,False,"Type I, III, IV",I;III;IV,True,5;6;7,Least Concern,,,Least Concern,Hermaphroditic,False,False,evergreen,pest;disease,shade_nursery,Seedling/Grafted (6 mos),Requires protection from strong winds and intense sun,"Must be planted under shade trees (e.g., Banana, Gliricidia)",Humid tropical,,Cannot survive direct sun without nurse trees,Low,Autotrophic,Cultivated widely,"Small evergreen tree, low branching",High watering,Partial Shade,"Seeds, Grafting","Banana, Gliricidia, Coconut","Cacao pod borer, Black pod rot",High,Collar level,Hole 2x root ball,"Trinitario, Forastero, Criollo",Well-drained,"High NPK, sensitive to zinc deficiency","Chocolate production, medicinal",53,7,0.132
18,Rambutan,Nephelium lappaceum,Nephelium,0.0,600.0,2000.0,3000.0,22.0,30.0,5.5,6.5,20.0,20.0,12.0,8.0,10.0,0.85,0.85,14.0,21.0,1.0,2.0,High-Value Crop / Fruit Tree,crop,fruit tree,True,Low,Low,Low,Low,Medium,Medium,Taproot,0.8,0.7,"Deep clay-loam, highly organic",Clay Loam,deep;organic,False,Agroforestry;Orchards,False,True,False,"Type I, III, IV",I;III;IV,True,5;6;7,Least Concern,,,Least Concern,Dioecious (mostly),True,False,evergreen,pest,,Grafted Sapling (8-12 mos),Highly sensitive to water stress and dry winds,Must maintain male-to-female tree ratio for fruit yield if seed-grown,Humid tropical,,Poor drainage and drought will kill the tree,Low,Autotrophic,Cultivated widely,Medium to large evergreen tree,High watering,Full Sun,"Grafting, Budding",Windbreak trees,"Fruit borers, mealybugs",High,Collar level,Hole 2x root ball,"Maharlika, R-5, R-7",Very Well-drained,High NPK,Edible fruit,53,21,0.396
19,Kasoy,Anacardium occidentale,Anacardium,0.0,1000.0,700.0,3500.0,24.0,32.0,4.5,6.5,40.0,15.0,12.0,8.0,10.0,0.5,0.5,15.0,20.0,6.0,7.0,High-Value Crop / Nut Tree,crop,nut tree,True,Low,High,Low,Medium,Fast,Fast,Extensive Taproot,0.7,0.9,"Sandy, lateritic, tolerant of poor soils",Sandy,lateritic,False,Agroforestry;Marginal Lands,False,True,False,"Type I, III",I;III,True,5;6,Least Concern,,,Least Concern,Andromonoecious,False,False,evergreen,,,Seedling/Grafted (6-8 mos),Highly resistant to drought once established,Needs pronounced dry season for best fruit set,Dry tropical,,Poor drainage guarantees root rot,High,Autotrophic,Cultivated widely,"Evergreen tree, irregular canopy",Low watering once established,Full Sun,"Seeds, Grafting",Drought-resistant ground cover,Tea mosquito bug,Low,Collar level,Hole 2x root ball,,Well-drained,Low requirement,"Edible nuts, pseudo-fruit, medicinal",52,7,0.135
20,Sampalok,Tamarindus indica,Tamarindus,0.0,1500.0,500.0,1500.0,20.0,33.0,5.5,6.8,30.0,25.0,15.0,10.0,15.0,0.8,0.8,10.0,20.0,6.0,8.0,High-Value Crop / Fruit Tree,crop,fruit tree,True,Low,High,Low,High,Slow,Slow,Deep Taproot,0.9,0.9,"Deep alluvial, tolerant of poor and rocky soils",,alluvial;rocky;deep,True,Parks;Agroforestry,True,True,False,"Type I, III",I;III,True,5;6,Least Concern,,,Least Concern,Hermaphroditic,False,False,evergreen,pest,,Sapling (6-8 mos),Highly wind-resistant,Extremely long-lived; requires a long dry season for fruit maturity,Dry tropical,,Intolerant of waterlogging,High,Autotrophic,Cultivated widely,"Large evergreen tree, dense rounded crown",Low watering once established,Full Sun,"Seeds, Grafting",Drought-resistant ground cover,Pod borers,Low,Collar level,Hole 2x root ball,Sweet and sour varieties,Well-drained,Low requirement,"Edible fruit, flavoring, timber",53,7,0.132
21,Yakal,Shorea astylosa,Shorea,0.0,1000.0,1500.0,3500.0,24.0,28.0,5.0,6.5,45.0,35.0,20.0,10.0,15.0,0.9,0.9,14.0,25.0,2.0,3.0,Native Timber,native,timber,False,High,Low,Low,Medium,Slow,Slow,Taproot,0.8,0.7,"Clay-Loam, Volcanic Loam",Clay Loam;Loam,volcanic,False,Watershed;Forest Restoration,False,True,True,"Type I, III, IV",I;III;IV,True,7;8,Critically Endangered,,,Critically Endangered,Hermaphroditic,False,False,,seed_issue,mycorrhiza,Sapling (8-10 mos),Requires shading during seedling stage; highly vulnerable to drought,Dipterocarp species; requires mycorrhizal fungi for establishment,Humid tropical,,High difficulty; seed recalcitrance and requires nurse trees,Low,Autotrophic,Primary forests,"Tall canopy tree, straight bole",High watering,"Partial Shade when young, Full Sun when mature",Seeds,Pioneer forest species,Seed recalcitrance,High,Collar level,Hole 2x root ball,,Well-drained,Standard NPK + Mycorrhiza,Premium construction timber,52,0,0.0
22,Indian/Carabao Mango,Mangifera indica,Mangifera,0.0,1200.0,700.0,2500.0,24.0,32.0,5.5,7.5,25.0,25.0,15.0,10.0,12.0,0.65,0.65,20.0,30.0,6.0,7.0,High-Value Crop / Fruit Tree,crop,fruit tree,True,Low,High,Low,Medium,Fast,Fast,Deep Taproot,0.9,0.9,"Deep loam, sandy loam, alluvial",Sandy Loam;Loam,alluvial;deep,False,Agroforestry;Orchards;Parks,True,True,False,Type I,I,True,5;6;7,Least Concern,,,Least Concern,Andromonoecious,False,False,evergreen,disease,pruning,Grafted Sapling (6-12 mos),Requires dry season for flowering; rain during bloom causes flower drop,Pruning and flower induction using potassium nitrate recommended,Dry tropical,,Susceptible to anthracnose in highly humid zones,High,Autotrophic,Cultivated widely,"Large evergreen tree, dense dome-shaped canopy",Low watering once established,Full Sun,Grafting,Nitrogen-fixing ground cover,"Mango hoppers, Anthracnose",Medium,Collar level,Hole 2x root ball,"Carabao, Pico, Indian",Very Well-drained,High Potassium and Phosphorus for fruiting,"Edible fruit, timber",53,6,0.113
23,Santol,Sandoricum koetjape,Sandoricum,0.0,1000.0,1500.0,3500.0,22.0,32.0,5.0,7.0,30.0,30.0,15.0,8.0,12.0,0.55,0.55,20.0,25.0,3.0,4.0,High-Value Crop / Fruit Tree,crop,fruit tree,True,Medium,Medium,Low,High,Fast,Fast,Taproot,0.8,0.7,"Clay-Loam, Alluvial",Clay Loam,alluvial,False,Agroforestry;Parks;Household Gardens,True,True,False,"Type I, III, IV",I;III;IV,True,5;6;7,Least Concern,,,Least Concern,Hermaphroditic,False,False,semi-deciduous,,pruning,Grafted Sapling (6-8 mos),Intolerant of severe drought,Requires regular pruning,Humid tropical,,Drops significant leaf litter,Medium,Autotrophic,Cultivated and secondary forests,Evergreen or semi-deciduous tree,Moderate watering,Full Sun,"Seeds, Grafting, Marcotting",Shade-tolerant understory crops,Fruit flies,High,Collar level,Hole 2x root ball,"Bangkok, Native",Well-drained,Standard NPK,"Edible fruit, timber, medicinal",53,8,0.151
24,Malunggay,Moringa oleifera,Moringa,0.0,600.0,250.0,1500.0,25.0,35.0,5.5,8.0,25.0,10.0,5.0,2.0,3.0,0.3,0.3,7.0,14.0,6.0,6.0,High-Value Crop / Vegetable,crop,vegetable,True,Low,High,Low,Low,Fast,Very Fast,Tuberous Taproot,0.7,0.6,"Sandy, Loam, Well-drained",Loam;Sandy,well drained,False,Household Gardens;Agroforestry,True,True,False,Type I,I,True,5;6;7,Least Concern,,,Least Concern,Hermaphroditic,False,False,deciduous,pest;disease,,Stem Cutting / Seedling (2-3 mos),Highly susceptible to root rot if waterlogged,Regular pollarding/coppicing to promote leaf growth,Dry tropical,,Branches break easily in strong winds,High,Autotrophic,Cultivated widely,Small fast-growing deciduous tree,Low watering,Full Sun,"Stem cuttings, Seeds",Drought-resistant root crops,"Caterpillars, Root rot",Low to Medium,Collar level,Direct seeding or trench for cuttings,PKM-1,Very Well-drained,"Low requirement, benefits from nitrogen","Edible leaves/pods, medicinal, water purification",53,7,0.132
25,Star Apple,Chrysophyllum cainito,Chrysophyllum,0.0,1000.0,1000.0,2000.0,24.0,32.0,5.5,7.5,25.0,20.0,12.0,8.0,12.0,0.65,0.65,14.0,40.0,3.0,4.0,High-Value Crop / Fruit Tree,crop,fruit tree,True,Low,Medium,Low,Medium,Fast,Fast,Taproot,0.8,0.7,"Deep loam, Clay-loam, Sandy",Clay Loam;Loam;Sandy,deep,False,Agroforestry;Parks;Orchards,True,True,False,"Type I, III, IV",I;III;IV,True,5;6;7,Least Concern,,,Least Concern,Hermaphroditic,False,False,evergreen,,pruning,Grafted Sapling (6-8 mos),Branches prone to breakage in severe typhoons,Requires regular pruning for structural strength,Humid tropical,,Shallow lateral roots can compete with crops,Medium,Autotrophic,Cultivated widely,Evergreen tree with golden-brown underside leaves,Moderate watering,Full Sun,"Seeds, Grafting",Shade-tolerant understory crops,"Fruit flies, leaf spots",High,Collar level,Hole 2x root ball,"Purple, Green",Well-drained,Standard NPK,"Edible fruit, ornamental",53,7,0.132
26,Banana - Saba,Musa acuminata x balbisiana (ABB Group),Musa,0.0,1200.0,1500.0,2500.0,22.0,31.0,5.5,7.0,25.0,6.0,4.0,3.0,5.0,,,14.0,21.0,2.0,3.0,High-Value Crop / Fruit,crop,fruit,True,Medium,Medium,Low,Low,Fast,Very Fast,Shallow Corm / Fibrous,0.5,0.6,"Deep friable loam, Alluvial",Loam,alluvial;deep;friable,False,Agroforestry;Household Gardens,True,True,False,"Type I, III, IV",I;III;IV,True,5;6;7,Least Concern,,,Least Concern,Monoecious,False,False,,disease,,Sucker / Corm (2-3 mos),Pseudostems break easily in strong winds,"Requires regular desuckering to maintain 1 mother, 1 daughter, 1 granddaughter",Humid tropical,,Poor drainage causes Panama disease,Medium,Autotrophic,Cultivated widely,Large herbaceous plant with pseudostem,High watering,Full Sun,"Suckers, Tissue Culture","Cacao, Coffee (as shade nurse)","Banana Bunchy Top Virus (BBTV), Panama Disease",High,30 cm,Hole planting of corms/suckers,"Saba, Cardaba",Well-drained,High Potassium (K) required for fruiting,"Cooking banana, food security",52,42,0.808
27,Banana - Latundan,Musa acuminata x balbisiana (AAB Group),Musa,0.0,1000.0,1500.0,2500.0,22.0,31.0,5.5,7.0,25.0,4.0,3.0,3.0,4.0,,,,,1.0,2.0,High-Value Crop / Fruit,crop,fruit,True,Medium,Low,Low,Low,Fast,Very Fast,Shallow Corm / Fibrous,0.5,0.6,"Deep friable loam, Alluvial",Loam,alluvial;deep;friable,False,Agroforestry;Household Gardens,True,True,False,"Type I, III, IV",I;III;IV,True,5;6;7,Least Concern,,,Least Concern,Monoecious,False,False,,,,Sucker / Corm (2-3 mos),More susceptible to wind damage than Saba,Requires regular desuckering and propping during fruiting,Humid tropical,,Poor drainage causes root rot and diseases,Low,Autotrophic,Cultivated widely,Herbaceous plant with pseudostem,High watering,Full Sun,"Suckers, Tissue Culture","Cacao, Coffee (as shade nurse)","Panama Disease, Sigatoka",High,30 cm,Hole planting of corms,Latundan,Well-drained,High Potassium (K) required,"Dessert banana, household consumption",52,39,0.75
28,Coconut,Cocos nucifera,Cocos,0.0,600.0,1500.0,2500.0,22.0,32.0,5.5,8.0,25.0,30.0,8.0,8.0,10.0,0.9,0.9,45.0,90.0,4.0,5.0,High-Value Crop / Palm,crop,palm,True,Low,High,Medium,High,Medium,Medium,Extensive Fibrous,,,"Sandy, Alluvial, Coastal",Sandy,alluvial;coastal,False,Agroforestry;Coastal,False,True,True,"Type I, III, IV",I;III;IV,True,5;6;7,Least Concern,,,Least Concern,Monoecious,False,False,,,shade_nursery,Seedling Nut (6-8 mos),Tolerates high winds and coastal salt spray,Requires full sunlight; shading stunts growth,Humid tropical,,Intolerant of heavy clay soils,High,Autotrophic,Coastal zones,Tall unbranched palm,Moderate watering,Full Sun,Seeds (Nuts),"Pineapple, Cacao, Coffee (intercropping)","Rhinoceros beetle, Cadang-cadang",High,Nut half-buried,Hole planting,"Tall, Dwarf varieties",Well-drained,Standard NPK + Sodium (NaCl),"Copra, coconut water, timber, oil",53,7,0.132
29,Calamansi,Citrofortunella microcarpa,Citrofortunella,0.0,800.0,1000.0,2000.0,20.0,32.0,5.5,6.5,25.0,5.0,4.0,4.0,5.0,,,20.0,30.0,3.0,4.0,High-Value Crop / Fruit Shrub,crop,fruit shrub,True,Low,Medium,Low,Medium,Medium,Medium,Taproot / Fibrous,,,"Sandy loam, Clay-loam",Sandy Loam;Clay Loam,,False,Household Gardens;Orchards,True,True,False,"Type I, III, IV",I;III;IV,True,5;6;7,Least Concern,,,Least Concern,Hermaphroditic,False,False,evergreen,pest,pruning,Grafted / Seedling (4-6 mos),Intolerant of waterlogging; roots rot easily,Requires pruning of water sprouts to maximize fruit yield,Dry tropical,,Requires excellent drainage,Medium,Autotrophic,Cultivated widely,Small evergreen tree or shrub,Moderate watering,Full Sun,"Grafting, Seeds, Marcotting",Nitrogen-fixing ground cover,"Citrus rind borer, Citrus greening",Medium,Collar level,Hole 2x root ball,Data Unavailable,Very Well-drained,High Nitrogen and Potassium,"Fruit juice, condiment, medicinal",52,43,0.827
30,Papaya,Carica papaya,Carica,0.0,1000.0,1000.0,2000.0,21.0,32.0,5.5,7.0,15.0,8.0,3.0,2.0,3.0,0.2,0.2,10.0,21.0,2.0,3.0,High-Value Crop / Fruit,crop,fruit,True,Low,Medium,Low,Low,Fast,Very Fast,Shallow Taproot / Fibrous,0.4,0.7,"Sandy loam, well-drained",Sandy Loam,well drained,False,Agroforestry;Household Gardens,True,True,False,"Type I, III, IV",I;III;IV,True,5;6;7,Least Concern,,,Least Concern,"Dioecious, Hermaphroditic",True,False,,disease,,Seedling (2-3 mos),Extremely sensitive to standing water; 48 hours of flooding will kill it,Needs male-to-female ratio management if non-hermaphroditic variety,Humid tropical,,Cannot survive poorly drained soils,Medium,Autotrophic,Cultivated widely,"Fast-growing herbaceous tree, unbranched trunk",Moderate watering,Full Sun,Seeds,Short-term cash crops,"Papaya Ringspot Virus, Root rot",High,Collar level,Hole 2x root ball,"Red Lady, Solo",Very Well-drained,High Nitrogen and Phosphorus,"Edible fruit, meat tenderizer (papain)",53,7,0.132
31,Fire Tree,Delonix regia,Delonix,0.0,2000.0,700.0,2500.0,20.0,35.0,5.5,7.5,20.0,15.0,15.0,10.0,15.0,0.8,0.8,10.0,20.0,6.0,8.0,Introduced Ornamental / Shade,other,introduced ornamental;shade,False,Low,High,Low,Low,Fast,Fast,Extensive shallow and aggressive surface roots,,,"Sandy, Loam, highly tolerant of poor soils",Loam;Sandy,,False,Parks;Open Spaces;Roadside,True,False,False,"Type I, III, IV",I;III;IV,True,5;6;7,Least Concern,,,Least Concern,Hermaphroditic,False,False,deciduous,disease,,Sapling (6-8 mos),Needs dry season to trigger spectacular flowering,Do not plant near sidewalks or pipes; roots will destroy infrastructure,Dry tropical,,High infrastructure damage risk,High,Autotrophic,"Cultivated widely, native to Madagascar","Deciduous tree, umbrella-shaped crown",Low watering once established,Full Sun,"Seeds, Cuttings",Drought-resistant ground cover,Root rot in poor drainage,Low,Collar level,Hole 2x root ball,,Very Well-drained,Low requirement,"Ornamental, Shade",52,7,0.135
32,Salinggogon,Cratoxylum formosum,Cratoxylum,0.0,1000.0,1200.0,3000.0,24.0,28.0,5.0,7.0,30.0,20.0,10.0,5.0,8.0,0.75,0.75,15.0,25.0,4.0,5.0,Native Ornamental / Timber,native,ornamental;timber,False,Low,High,Low,Medium,Medium,Medium,Taproot,0.8,0.7,"Loam, Sandy",Loam;Sandy,,False,Streetscape;Parks,True,False,False,"Type I, III, IV",I;III;IV,True,5;6;7,Least Concern,,,Least Concern,Hermaphroditic,False,False,deciduous,seed_issue,,Sapling (6-8 mos),Flowering is induced by distinct dry season,Sheds leaves entirely before spectacular pink bloom,Dry and humid tropical,,Low infrastructure risk,High,Autotrophic,"Secondary forests, open areas","Medium deciduous tree, thin spreading canopy",Moderate watering,Full Sun,Seeds,Ornamental understory,"Low seed germination rates, seedling vulnerability to damping-off disease, intense weed competition, and a lack of direct sunlight",Medium,Collar level,Hole 2x root ball,,Well-drained,Standard NPK,"Ornamental flowering, timber",52,8,0.154
33,White Lauan,Shorea contorta,Shorea,0.0,700.0,1500.0,3500.0,24.0,28.0,5.0,6.5,45.0,50.0,20.0,10.0,15.0,0.55,0.55,14.0,25.0,2.0,3.0,Native Timber (Dipterocarp),native,timber;dipterocarp,False,High,Low,Low,Medium,Slow,Slow,Taproot,0.8,0.7,"Clay-Loam, Volcanic Loam",Clay Loam;Loam,volcanic,False,Forest Restoration;Watershed,False,True,True,"Type II, III, IV",II;III;IV,False,7;8,Vulnerable,,,Vulnerable,Hermaphroditic,False,False,,seed_issue,mycorrhiza,Sapling (8-10 mos),Requires shading during seedling stage; highly vulnerable to drought,Dipterocarp species; requires mycorrhizal fungi for establishment,Humid tropical,,High difficulty; seed recalcitrance and requires nurse trees,Low,Autotrophic,Primary forests,"Tall emergent canopy tree, cylindrical bole",High watering,"Partial Shade when young, Full Sun when mature",Seeds,Pioneer forest species,Seed recalcitrance,High,Collar level,Hole 2x root ball,,Well-drained,Standard NPK + Mycorrhiza,Premium construction timber,52,8,0.154
34,Red Lauan,Shorea negrosensis,Shorea,0.0,1000.0,1500.0,3500.0,24.0,28.0,5.0,6.5,45.0,50.0,20.0,10.0,15.0,0.6,0.6,14.0,25.0,2.0,3.0,Native Timber (Dipterocarp),native,timber;dipterocarp,False,High,Low,Low,Medium,Slow,Slow,Taproot,0.8,0.7,"Clay-Loam, Volcanic Loam",Clay Loam;Loam,volcanic,False,Forest Restoration;Watershed,False,True,True,"Type II, III, IV",II;III;IV,False,7;8,Critically Endangered,,,Critically Endangered,Hermaphroditic,False,False,,seed_issue,mycorrhiza,Sapling (8-10 mos),Requires shading during seedling stage; highly vulnerable to drought,Dipterocarp species; requires mycorrhizal fungi for establishment,Humid tropical,,High difficulty; seed recalcitrance and requires nurse trees,Low,Autotrophic,Primary forests,"Tall emergent canopy tree, dark red bark",High watering,"Partial Shade when young, Full Sun when mature",Seeds,Pioneer forest species,Seed recalcitrance,High,Collar level,Hole 2x root ball,,Well-drained,Standard NPK + Mycorrhiza,Premium construction timber (Philippine Mahogany),52,7,0.135
35,Bagtikan,Parashorea malaanonan,Parashorea,0.0,1300.0,1500.0,3500.0,24.0,28.0,5.0,6.5,45.0,60.0,25.0,10.0,15.0,0.65,0.65,14.0,25.0,2.0,3.0,Native Timber (Dipterocarp),native,timber;dipterocarp,False,High,Low,Low,Medium,Slow,Slow,Taproot,0.8,0.7,"Clay-Loam, Volcanic Loam",Clay Loam;Loam,volcanic,False,Forest Restoration;Watershed,False,True,True,"Type II, III, IV",II;III;IV,False,7;8,Vulnerable,,,Vulnerable,Hermaphroditic,False,False,,seed_issue,mycorrhiza,Sapling (8-10 mos),Requires shading during seedling stage; highly vulnerable to drought,Dipterocarp species; requires mycorrhizal fungi for establishment,Humid tropical,,High difficulty; seed recalcitrance and requires nurse trees,Low,Autotrophic,Primary forests,Tall emergent canopy tree,High watering,"Partial Shade when young, Full Sun when mature",Seeds,Pioneer forest species,Seed recalcitrance,High,Collar level,Hole 2x root ball,,Well-drained,Standard NPK + Mycorrhiza,Premium construction timber,52,0,0.0
36,Robusta (Coffee),Coffea canephora,Coffea,300.0,800.0,1500.0,2500.0,20.0,30.0,5.5,6.5,30.0,5.0,4.0,3.0,4.0,0.6,0.6,30.0,50.0,3.0,4.0,High-Value Crop / Beverage,crop,beverage,True,High,Medium,Low,Medium,Fast,Fast,Shallow Taproot / Fibrous,0.4,0.7,"Deep loam, Volcanic loam",Loam,volcanic;deep,False,Agroforestry;Understory Orchards,False,True,False,"Type I, III, IV",I;III;IV,True,5;6;7,Least Concern,,,Least Concern,Hermaphroditic,False,False,evergreen,pest;disease,pruning,Seedling / Cutting (6-8 mos),Requires shading during early establishment; sensitive to prolonged drought,Requires regular rejuvenation pruning,Humid tropical,,Intolerant of waterlogging and heavy clay soils,Medium,Autotrophic,Cultivated widely,Evergreen shrub or small tree,Moderate watering,Partial Shade,"Seeds, Cuttings, Grafting","Banana, Gliricidia, Jackfruit (as shade trees)","Coffee Berry Borer, Coffee Leaf Rust",High,Collar level,Hole 2x root ball,,Well-drained,"Standard NPK, high requirement during fruiting","Beverage production, agroforestry",52,41,0.788
37,Apitong,Dipterocarpus grandiflorus,Dipterocarpus,0.0,600.0,1500.0,3500.0,22.0,28.0,5.0,6.5,45.0,40.0,20.0,10.0,15.0,0.75,0.75,10.0,20.0,2.0,3.0,Native Timber (Dipterocarp),native,timber;dipterocarp,False,High,Low,Low,Medium,Slow,Slow,Taproot,0.8,0.7,"Clay-Loam, Volcanic Loam",Clay Loam;Loam,volcanic,False,Forest Restoration;Watershed,False,True,True,"Type II, III, IV",II;III;IV,False,7;8,Critically Endangered,,,Critically Endangered,Hermaphroditic,False,False,,seed_issue,mycorrhiza,Sapling (8-10 mos),Requires shading during seedling stage; highly vulnerable to drought,Requires mycorrhizal fungi for establishment,Humid tropical,,High difficulty; seed recalcitrance and requires nurse trees,Low,Autotrophic,Primary forests,"Tall emergent canopy tree, cylindrical bole",High watering,"Partial Shade when young, Full Sun when mature",Seeds,Pioneer forest species,Seed recalcitrance,High,Collar level,Hole 2x root ball,,Well-drained,Standard NPK + Mycorrhiza,"Premium construction timber, resin (Balau)",52,6,0.115
38,Chesa/Tiesa,Pouteria campechiana,Pouteria,0.0,1400.0,900.0,1800.0,20.0,32.0,5.5,7.5,25.0,15.0,10.0,6.0,8.0,0.65,0.65,14.0,28.0,5.0,6.0,High-Value Crop / Fruit Tree,crop,fruit tree,True,Medium,High,Low,High,Medium,Medium,Taproot,0.8,0.7,"Sandy, Loam, highly tolerant of poor soils",Loam;Sandy,,False,Agroforestry;Household Gardens,True,True,False,"Type I, III, IV",I;III;IV,True,5;6;7,Least Concern,,,Least Concern,Hermaphroditic,False,False,evergreen,pest,,Seedling / Grafted (6-8 mos),Highly wind-resistant,Requires minimal maintenance once established,Dry and humid tropical,,Intolerant of heavy flooding,High,Autotrophic,Cultivated widely,Small to medium evergreen tree,Moderate watering,Full Sun,"Seeds, Grafting",Drought-resistant ground cover,"Scale insects, fruit flies",Medium,Collar level,Hole 2x root ball,,Well-drained,Low requirement,Edible fruit (Canistel),52,7,0.135
39,Avocado,Persea americana,Persea,0.0,1200.0,1000.0,2500.0,20.0,30.0,5.5,6.5,20.0,15.0,10.0,8.0,10.0,0.5,0.5,20.0,30.0,2.0,3.0,High-Value Crop / Fruit Tree,crop,fruit tree,True,Low,Low,Low,Low,Medium,Medium to Fast,"Shallow root system, highly susceptible to Phytophthora",,,"Deep loam, highly aerated",Loam,deep,False,Agroforestry;Orchards,False,True,False,"Type I, III, IV",I;III;IV,True,5;6;7,Least Concern,,,Least Concern,Hermaphroditic,False,False,evergreen,disease,,Grafted Sapling (6-10 mos),High mortality in waterlogged soils due to root rot,Requires cross-pollination (Type A and Type B planting),Humid tropical,,Brittle branches easily broken by wind,Low,Autotrophic,Cultivated widely,"Medium evergreen tree, dense canopy","High watering, but needs drainage",Full Sun,"Grafting, Seeds",Windbreak trees,"Phytophthora root rot, fruit flies",Medium to High,"Collar level, often on raised mounds",Raised mound planting,,Very Well-drained,High Nitrogen and Zinc,Edible fruit,52,7,0.135
40,Peacock Flower Tree,Caesalpinia pulcherrima,Caesalpinia,0.0,1000.0,500.0,2000.0,20.0,35.0,5.5,8.0,30.0,4.0,3.0,2.0,3.0,,,10.0,15.0,5.0,6.0,Ornamental Shrub,other,ornamental shrub,False,Low,High,Low,Medium,Fast,Fast,Fibrous,,,"Sandy, Loam, adaptable",Loam;Sandy,,False,Parks;Streetscape;Medians,True,False,False,"Type I, III, IV",I;III;IV,True,5;6;7,Least Concern,,,Least Concern,Hermaphroditic,False,False,,pest,pruning,Seedling/Cutting (3-5 mos),Highly resilient to urban pollution and heat,Prune severely after flowering to maintain compact shape,Dry tropical,,Low infrastructure risk,High,Autotrophic,Cultivated widely,Fast-growing shrub with striking red/yellow flowers,Low watering once established,Full Sun,"Seeds, Cuttings",Ornamental ground cover,Generally pest-free,Low,Collar level,Hole 2x root ball,,Well-drained,Low requirement,Ornamental landscaping,51,7,0.137
41,Guava,Psidium guajava,Psidium,0.0,1500.0,1000.0,2000.0,23.0,28.0,4.5,8.2,25.0,10.0,8.0,5.0,8.0,0.8,0.8,15.0,20.0,4.0,5.0,High-Value Crop / Fruit Tree,crop,fruit tree,True,Low,High,Low,Medium,Fast,Fast,Shallow spreading,0.2,0.6,"Highly adaptable, clay to sandy loam",Sandy Loam;Clay,,False,Agroforestry;Orchards;Urban Gardens,True,True,False,"Type I, III, IV",I;III;IV,True,5;6;7,Least Concern,,,Least Concern,Hermaphroditic,False,False,evergreen,,pruning,Seedling / Grafted (4-6 mos),Highly resilient to drought but severe flooding causes root rot,Prune back to maintain fruiting height,Dry and humid tropical,,Poor drainage stunts growth,High,Autotrophic,Cultivated widely,"Small evergreen tree, peeling bark",Low watering once established,Full Sun,"Seeds, Grafting, Marcotting",Drought-resistant ground cover,"Fruit flies, Guava moth",Medium,Collar level,Hole 2x root ball,"Native, Apple Guava",Well-drained,Standard NPK,"Edible fruit, medicinal leaves (antiseptic)",53,7,0.132
42,Weeping Fig (Balete),Ficus benjamina,Ficus,0.0,1200.0,1000.0,3000.0,20.0,35.0,5.5,8.0,30.0,30.0,25.0,15.0,25.0,,,15.0,30.0,4.0,5.0,Native Ornamental / Shade,native,ornamental;shade,False,Medium,High,Low,High,Fast,Fast,"Extensive aggressive surface roots, aerial roots",,,"Clay, Loam, Sand, highly adaptable",Loam;Clay;Sandy,,False,Parks;Open Spaces,True,False,False,"Type I, III, IV",I;III;IV,True,5;6;7,Least Concern,,,Least Concern,Monoecious,False,False,evergreen,pest,,Sapling / Cuttings (6-8 mos),Extremely resilient but drops leaves during sudden temperature shifts,Roots destroy pavements and pipes; plant only in massive open spaces,Humid tropical,,Severe infrastructure damage risk,High,Autotrophic / Hemiepiphytic,Primary and secondary forests,"Massive evergreen tree, drooping branches",Moderate watering,Full Sun to Partial Shade,"Cuttings, Seeds, Marcotting",Shade-loving ground ferns,"Thrips, scale insects",High,Collar level,Hole 2x root ball,,Well-drained,Low requirement,"Ornamental shade, medicinal",51,7,0.137
43,Lemon,Citrus limon,Citrus,0.0,1000.0,800.0,2000.0,20.0,30.0,5.5,6.5,20.0,6.0,4.0,4.0,6.0,,,20.0,30.0,3.0,4.0,High-Value Crop / Fruit Tree,crop,fruit tree,True,Low,Medium,Low,Low,Medium,Medium,"Shallow taproot, fibrous",,,"Sandy loam, well-drained",Sandy Loam,well drained,False,Agroforestry;Household Gardens,True,True,False,"Type I, III, IV",I;III;IV,True,5;6;7,Least Concern,,,Least Concern,Hermaphroditic,False,False,evergreen,pest;disease,pruning,Grafted Sapling (6-8 mos),Extremely susceptible to root rot in waterlogged soils,Requires regular pruning to increase airflow and fruit yield,Dry and humid tropical,,Requires excellent drainage,Medium,Autotrophic,Cultivated widely,Small evergreen tree with thorny branches,Moderate watering,Full Sun,"Grafting, Marcotting",Nitrogen-fixing ground cover,"Citrus leaf miner, root rot",Medium,Collar level,Hole 2x root ball,,Very Well-drained,High Nitrogen and Potassium,"Edible fruit, culinary flavoring",51,0,0.0
44,Balai Lamok,Crateva religiosa,Crateva,0.0,700.0,1200.0,3500.0,24.0,30.0,5.5,7.5,30.0,15.0,10.0,6.0,8.0,,,20.0,30.0,4.0,5.0,Native Ornamental / Timber,native,ornamental;timber,False,Low,Medium,Medium,Medium,Medium,Medium,Taproot,0.8,0.7,"Loam, Clay-Loam, Alluvial",Clay Loam;Loam,alluvial,False,Parks;Streetscape,True,False,False,"Type I, III, IV",I;III;IV,True,5;6;7,Least Concern,,,Least Concern,Hermaphroditic,False,False,deciduous,pest,,Sapling (6-8 mos),Requires full sun to produce spectacular flowering,Deciduous; drops leaves before producing pale yellow flowers,Humid tropical,,Low infrastructure risk,Medium,Autotrophic,"Along streams, thickets",Small to medium deciduous tree,Moderate watering,Full Sun,"Seeds, Cuttings",Ornamental ground cover,Generally pest-free,High,Collar level,Hole 2x root ball,,Well-drained,Standard NPK,"Ornamental, Medicinal",51,8,0.157
45,Kamias,Averrhoa bilimbi,Averrhoa,0.0,500.0,1000.0,2500.0,22.0,32.0,5.5,6.5,20.0,10.0,6.0,4.0,6.0,0.5,0.5,14.0,21.0,2.0,3.0,High-Value Crop / Fruit Tree,crop,fruit tree,True,Medium,Low,Low,Low,Medium,Medium,Taproot,0.8,0.7,"Rich, well-drained loam, sandy loam",Sandy Loam;Loam,well drained,False,Household Gardens;Agroforestry,True,True,False,"Type I, III, IV",I;III;IV,True,5;6;7,Least Concern,,,Least Concern,Hermaphroditic,False,False,evergreen,,,Seedling (4-6 mos),Highly susceptible to drought and extreme wind,Fruits directly on trunk and older branches (cauliflorous),Humid tropical,,Needs protection from strong winds,Low,Autotrophic,Cultivated widely,"Small evergreen tree, sparsely branched",Moderate to High watering,Full Sun to Partial Shade,Seeds,Windbreak trees,"Leaf spot, fruit flies",High,Collar level,Hole 2x root ball,,Well-drained,Standard NPK,"Culinary flavoring, medicinal",52,7,0.135
