species_id,name,tag,basis
1,Narra,timber/industrial,"rule: type text says timber or dye (use_tags 'timber', category 'Native Timber'); provisional, to be confirmed by the agriculturist"
1,Narra,urban greening/shade,"rule: type text says shade or urban_tags lists ['parks', 'roadside'] (not the scored urban purpose); provisional, to be confirmed by the agriculturist"
2,Molave,timber/industrial,"rule: type text says timber or dye (use_tags 'timber', category 'Native Timber'); provisional, to be confirmed by the agriculturist"
3,Dao,timber/industrial,"rule: type text says timber or dye (use_tags 'timber', category 'Native Timber'); provisional, to be confirmed by the agriculturist"
3,Dao,urban greening/shade,"rule: type text says shade or urban_tags lists ['parks'] (not the scored urban purpose); provisional, to be confirmed by the agriculturist"
4,Banaba,ornamental,"rule: type text says ornamental (use_tags 'timber;ornamental', category 'Native Timber / Ornamental'); provisional, to be confirmed by the agriculturist"
4,Banaba,timber/industrial,"rule: type text says timber or dye (use_tags 'timber;ornamental', category 'Native Timber / Ornamental'); provisional, to be confirmed by the agriculturist"
4,Banaba,urban greening/shade,"rule: type text says shade or urban_tags lists ['parks', 'roadside'] (not the scored urban purpose); provisional, to be confirmed by the agriculturist"
5,Bitaog,timber/industrial,"rule: type text says timber or dye (use_tags 'timber;coastal', category 'Native Timber / Coastal'); provisional, to be confirmed by the agriculturist"
6,Kalumpit,fruit-bearing,"rule: type text says fruit (use_tags 'timber;fruit', category 'Native Timber / Fruit'); provisional, to be confirmed by the agriculturist"
6,Kalumpit,timber/industrial,"rule: type text says timber or dye (use_tags 'timber;fruit', category 'Native Timber / Fruit'); provisional, to be confirmed by the agriculturist"
7,Duhat,fruit-bearing,"rule: type text says fruit (use_tags 'fruit;timber', category 'Native Fruit / Timber'); provisional, to be confirmed by the agriculturist"
7,Duhat,timber/industrial,"rule: type text says timber or dye (use_tags 'fruit;timber', category 'Native Fruit / Timber'); provisional, to be confirmed by the agriculturist"
7,Duhat,urban greening/shade,"rule: type text says shade or urban_tags lists ['parks'] (not the scored urban purpose); provisional, to be confirmed by the agriculturist"
8,Kamagong,biodiversity,"rule: urban_tags lists ['biodiversity'] or the category says endemic; provisional, to be confirmed by the agriculturist"
8,Kamagong,fruit-bearing,"rule: type text says fruit (use_tags 'timber;fruit', category 'Native Timber / Fruit'); provisional, to be confirmed by the agriculturist"
8,Kamagong,timber/industrial,"rule: type text says timber or dye (use_tags 'timber;fruit', category 'Native Timber / Fruit'); provisional, to be confirmed by the agriculturist"
8,Kamagong,urban greening/shade,"rule: type text says shade or urban_tags lists ['parks'] (not the scored urban purpose); provisional, to be confirmed by the agriculturist"
9,Katmon,biodiversity,"rule: urban_tags lists ['biodiversity'] or the category says endemic; provisional, to be confirmed by the agriculturist"
9,Katmon,fruit-bearing,"rule: type text says fruit (use_tags 'fruit', category 'Native Endemic / Fruit'); provisional, to be confirmed by the agriculturist"
9,Katmon,urban greening/shade,"rule: type text says shade or urban_tags lists ['parks', 'streetscape'] (not the scored urban purpose); provisional, to be confirmed by the agriculturist"
10,Batikuling,biodiversity,"rule: urban_tags lists ['forest restoration'] or the category says endemic; provisional, to be confirmed by the agriculturist"
10,Batikuling,timber/industrial,"rule: type text says timber or dye (use_tags 'timber', category 'Native Timber'); provisional, to be confirmed by the agriculturist"
11,Palosapis,biodiversity,"rule: urban_tags lists ['forest restoration'] or the category says endemic; provisional, to be confirmed by the agriculturist"
11,Palosapis,timber/industrial,"rule: type text says timber or dye (use_tags 'timber', category 'Native Timber'); provisional, to be confirmed by the agriculturist"
12,Talisay,timber/industrial,"rule: type text says timber or dye (use_tags 'timber;coastal', category 'Native Timber / Coastal'); provisional, to be confirmed by the agriculturist"
12,Talisay,urban greening/shade,"rule: type text says shade or urban_tags lists ['parks', 'roadside'] (not the scored urban purpose); provisional, to be confirmed by the agriculturist"
13,Clumping Bamboo,food security/livelihood,"interview 7 Oct 2026: bamboo crafts and a landfill bamboo park give a livelihood (speaker not recorded); provisional, to be confirmed by the agriculturist"
14,Langka,food security/livelihood,"rule: a food-bearing species (type text) that is a high-value crop or has urban_tags ['food security']; provisional, to be confirmed by the agriculturist"
14,Langka,fruit-bearing,"rule: type text says fruit (use_tags 'fruit tree', category 'High-Value Crop / Fruit Tree'); provisional, to be confirmed by the agriculturist"
14,Langka,high-value crop,"rule: is_high_value_crop is true in the species table (a team decision, not a sourced fact); provisional, to be confirmed by the agriculturist"
15,Guyabano,food security/livelihood,"rule: a food-bearing species (type text) that is a high-value crop or has urban_tags ['food security']; provisional, to be confirmed by the agriculturist"
15,Guyabano,fruit-bearing,"rule: type text says fruit (use_tags 'fruit tree', category 'High-Value Crop / Fruit Tree'); provisional, to be confirmed by the agriculturist"
15,Guyabano,high-value crop,"rule: is_high_value_crop is true in the species table (a team decision, not a sourced fact); provisional, to be confirmed by the agriculturist"
16,Atsuete,high-value crop,"rule: is_high_value_crop is true in the species table (a team decision, not a sourced fact); provisional, to be confirmed by the agriculturist"
16,Atsuete,timber/industrial,"rule: type text says timber or dye (use_tags 'dye', category 'High-Value Crop / Dye'); provisional, to be confirmed by the agriculturist"
17,Cacao,food security/livelihood,"rule: a food-bearing species (type text) that is a high-value crop or has urban_tags high-value; provisional, to be confirmed by the agriculturist"
17,Cacao,fruit-bearing,"rule: type text says fruit (use_tags 'fruit tree', category 'High-Value Crop / Fruit Tree'); provisional, to be confirmed by the agriculturist"
17,Cacao,high-value crop,"rule: is_high_value_crop is true in the species table (a team decision, not a sourced fact); provisional, to be confirmed by the agriculturist"
18,Rambutan,food security/livelihood,"rule: a food-bearing species (type text) that is a high-value crop or has urban_tags high-value; provisional, to be confirmed by the agriculturist"
18,Rambutan,fruit-bearing,"rule: type text says fruit (use_tags 'fruit tree', category 'High-Value Crop / Fruit Tree'); provisional, to be confirmed by the agriculturist"
18,Rambutan,high-value crop,"rule: is_high_value_crop is true in the species table (a team decision, not a sourced fact); provisional, to be confirmed by the agriculturist"
19,Kasoy,food security/livelihood,"rule: a food-bearing species (type text) that is a high-value crop or has urban_tags high-value; provisional, to be confirmed by the agriculturist"
19,Kasoy,fruit-bearing,"rule: type text says fruit (use_tags 'nut tree', category 'High-Value Crop / Nut Tree'); provisional, to be confirmed by the agriculturist"
19,Kasoy,high-value crop,"rule: is_high_value_crop is true in the species table (a team decision, not a sourced fact); provisional, to be confirmed by the agriculturist"
20,Sampalok,food security/livelihood,"rule: a food-bearing species (type text) that is a high-value crop or has urban_tags high-value; provisional, to be confirmed by the agriculturist"
20,Sampalok,fruit-bearing,"rule: type text says fruit (use_tags 'fruit tree', category 'High-Value Crop / Fruit Tree'); provisional, to be confirmed by the agriculturist"
20,Sampalok,high-value crop,"rule: is_high_value_crop is true in the species table (a team decision, not a sourced fact); provisional, to be confirmed by the agriculturist"
20,Sampalok,urban greening/shade,"rule: type text says shade or urban_tags lists ['parks'] (not the scored urban purpose); provisional, to be confirmed by the agriculturist"
21,Yakal,biodiversity,"rule: urban_tags lists ['forest restoration'] or the category says endemic; provisional, to be confirmed by the agriculturist"
21,Yakal,timber/industrial,"rule: type text says timber or dye (use_tags 'timber', category 'Native Timber'); provisional, to be confirmed by the agriculturist"
22,Indian/Carabao Mango,food security/livelihood,"rule: a food-bearing species (type text) that is a high-value crop or has urban_tags high-value; provisional, to be confirmed by the agriculturist"
22,Indian/Carabao Mango,fruit-bearing,"rule: type text says fruit (use_tags 'fruit tree', category 'High-Value Crop / Fruit Tree'); provisional, to be confirmed by the agriculturist"
22,Indian/Carabao Mango,high-value crop,"rule: is_high_value_crop is true in the species table (a team decision, not a sourced fact); provisional, to be confirmed by the agriculturist"
22,Indian/Carabao Mango,urban greening/shade,"rule: type text says shade or urban_tags lists ['parks'] (not the scored urban purpose); provisional, to be confirmed by the agriculturist"
23,Santol,food security/livelihood,"rule: a food-bearing species (type text) that is a high-value crop or has urban_tags ['household gardens']; provisional, to be confirmed by the agriculturist"
23,Santol,fruit-bearing,"rule: type text says fruit (use_tags 'fruit tree', category 'High-Value Crop / Fruit Tree'); provisional, to be confirmed by the agriculturist"
23,Santol,high-value crop,"rule: is_high_value_crop is true in the species table (a team decision, not a sourced fact); provisional, to be confirmed by the agriculturist"
23,Santol,urban greening/shade,"rule: type text says shade or urban_tags lists ['parks'] (not the scored urban purpose); provisional, to be confirmed by the agriculturist"
24,Malunggay,food security/livelihood,"rule: a food-bearing species (type text) that is a high-value crop or has urban_tags ['household gardens']; provisional, to be confirmed by the agriculturist"
24,Malunggay,high-value crop,"rule: is_high_value_crop is true in the species table (a team decision, not a sourced fact); provisional, to be confirmed by the agriculturist"
24,Malunggay,vegetable,"rule: type text says vegetable (use_tags 'vegetable', category 'High-Value Crop / Vegetable'); provisional, to be confirmed by the agriculturist"
25,Star Apple,food security/livelihood,"rule: a food-bearing species (type text) that is a high-value crop or has urban_tags high-value; provisional, to be confirmed by the agriculturist"
25,Star Apple,fruit-bearing,"rule: type text says fruit (use_tags 'fruit tree', category 'High-Value Crop / Fruit Tree'); provisional, to be confirmed by the agriculturist"
25,Star Apple,high-value crop,"rule: is_high_value_crop is true in the species table (a team decision, not a sourced fact); provisional, to be confirmed by the agriculturist"
25,Star Apple,urban greening/shade,"rule: type text says shade or urban_tags lists ['parks'] (not the scored urban purpose); provisional, to be confirmed by the agriculturist"
26,Banana - Saba,food security/livelihood,"rule: a food-bearing species (type text) that is a high-value crop or has urban_tags ['household gardens']; provisional, to be confirmed by the agriculturist"
26,Banana - Saba,fruit-bearing,"rule: type text says fruit (use_tags 'fruit', category 'High-Value Crop / Fruit'); provisional, to be confirmed by the agriculturist"
26,Banana - Saba,high-value crop,"rule: is_high_value_crop is true in the species table (a team decision, not a sourced fact); provisional, to be confirmed by the agriculturist"
27,Banana - Latundan,food security/livelihood,"rule: a food-bearing species (type text) that is a high-value crop or has urban_tags ['household gardens']; provisional, to be confirmed by the agriculturist"
27,Banana - Latundan,fruit-bearing,"rule: type text says fruit (use_tags 'fruit', category 'High-Value Crop / Fruit'); provisional, to be confirmed by the agriculturist"
27,Banana - Latundan,high-value crop,"rule: is_high_value_crop is true in the species table (a team decision, not a sourced fact); provisional, to be confirmed by the agriculturist"
28,Coconut,food security/livelihood,"rule: a food-bearing species (type text) that is a high-value crop or has urban_tags high-value; provisional, to be confirmed by the agriculturist"
28,Coconut,high-value crop,"rule: is_high_value_crop is true in the species table (a team decision, not a sourced fact); provisional, to be confirmed by the agriculturist"
29,Calamansi,food security/livelihood,"rule: a food-bearing species (type text) that is a high-value crop or has urban_tags ['household gardens']; provisional, to be confirmed by the agriculturist"
29,Calamansi,fruit-bearing,"rule: type text says fruit (use_tags 'fruit shrub', category 'High-Value Crop / Fruit Shrub'); provisional, to be confirmed by the agriculturist"
29,Calamansi,high-value crop,"rule: is_high_value_crop is true in the species table (a team decision, not a sourced fact); provisional, to be confirmed by the agriculturist"
30,Papaya,food security/livelihood,"rule: a food-bearing species (type text) that is a high-value crop or has urban_tags ['household gardens']; provisional, to be confirmed by the agriculturist"
30,Papaya,fruit-bearing,"rule: type text says fruit (use_tags 'fruit', category 'High-Value Crop / Fruit'); provisional, to be confirmed by the agriculturist"
30,Papaya,high-value crop,"rule: is_high_value_crop is true in the species table (a team decision, not a sourced fact); provisional, to be confirmed by the agriculturist"
31,Fire Tree,ornamental,"rule: type text says ornamental (use_tags 'introduced ornamental;shade', category 'Introduced Ornamental / Shade'); provisional, to be confirmed by the agriculturist"
31,Fire Tree,urban greening/shade,"rule: type text says shade or urban_tags lists ['open spaces', 'parks', 'roadside'] (not the scored urban purpose); provisional, to be confirmed by the agriculturist"
32,Salinggogon,ornamental,"rule: type text says ornamental (use_tags 'ornamental;timber', category 'Native Ornamental / Timber'); provisional, to be confirmed by the agriculturist"
32,Salinggogon,timber/industrial,"rule: type text says timber or dye (use_tags 'ornamental;timber', category 'Native Ornamental / Timber'); provisional, to be confirmed by the agriculturist"
32,Salinggogon,urban greening/shade,"rule: type text says shade or urban_tags lists ['parks', 'streetscape'] (not the scored urban purpose); provisional, to be confirmed by the agriculturist"
33,White Lauan,biodiversity,"rule: urban_tags lists ['forest restoration'] or the category says endemic; provisional, to be confirmed by the agriculturist"
33,White Lauan,timber/industrial,"rule: type text says timber or dye (use_tags 'timber;dipterocarp', category 'Native Timber (Dipterocarp)'); provisional, to be confirmed by the agriculturist"
34,Red Lauan,biodiversity,"rule: urban_tags lists ['forest restoration'] or the category says endemic; provisional, to be confirmed by the agriculturist"
34,Red Lauan,timber/industrial,"rule: type text says timber or dye (use_tags 'timber;dipterocarp', category 'Native Timber (Dipterocarp)'); provisional, to be confirmed by the agriculturist"
35,Bagtikan,biodiversity,"rule: urban_tags lists ['forest restoration'] or the category says endemic; provisional, to be confirmed by the agriculturist"
35,Bagtikan,timber/industrial,"rule: type text says timber or dye (use_tags 'timber;dipterocarp', category 'Native Timber (Dipterocarp)'); provisional, to be confirmed by the agriculturist"
36,Robusta (Coffee),food security/livelihood,"rule: a food-bearing species (type text) that is a high-value crop or has urban_tags high-value; provisional, to be confirmed by the agriculturist"
36,Robusta (Coffee),high-value crop,"rule: is_high_value_crop is true in the species table (a team decision, not a sourced fact); provisional, to be confirmed by the agriculturist"
37,Apitong,biodiversity,"rule: urban_tags lists ['forest restoration'] or the category says endemic; provisional, to be confirmed by the agriculturist"
37,Apitong,timber/industrial,"rule: type text says timber or dye (use_tags 'timber;dipterocarp', category 'Native Timber (Dipterocarp)'); provisional, to be confirmed by the agriculturist"
38,Chesa/Tiesa,food security/livelihood,"rule: a food-bearing species (type text) that is a high-value crop or has urban_tags ['household gardens']; provisional, to be confirmed by the agriculturist"
38,Chesa/Tiesa,fruit-bearing,"rule: type text says fruit (use_tags 'fruit tree', category 'High-Value Crop / Fruit Tree'); provisional, to be confirmed by the agriculturist"
38,Chesa/Tiesa,high-value crop,"rule: is_high_value_crop is true in the species table (a team decision, not a sourced fact); provisional, to be confirmed by the agriculturist"
39,Avocado,food security/livelihood,"rule: a food-bearing species (type text) that is a high-value crop or has urban_tags high-value; provisional, to be confirmed by the agriculturist"
39,Avocado,fruit-bearing,"rule: type text says fruit (use_tags 'fruit tree', category 'High-Value Crop / Fruit Tree'); provisional, to be confirmed by the agriculturist"
39,Avocado,high-value crop,"rule: is_high_value_crop is true in the species table (a team decision, not a sourced fact); provisional, to be confirmed by the agriculturist"
40,Peacock Flower Tree,ornamental,"rule: type text says ornamental (use_tags 'ornamental shrub', category 'Ornamental Shrub'); provisional, to be confirmed by the agriculturist"
40,Peacock Flower Tree,urban greening/shade,"rule: type text says shade or urban_tags lists ['medians', 'parks', 'streetscape'] (not the scored urban purpose); provisional, to be confirmed by the agriculturist"
41,Guava,food security/livelihood,"rule: a food-bearing species (type text) that is a high-value crop or has urban_tags high-value; provisional, to be confirmed by the agriculturist"
41,Guava,fruit-bearing,"rule: type text says fruit (use_tags 'fruit tree', category 'High-Value Crop / Fruit Tree'); provisional, to be confirmed by the agriculturist"
41,Guava,high-value crop,"rule: is_high_value_crop is true in the species table (a team decision, not a sourced fact); provisional, to be confirmed by the agriculturist"
42,Weeping Fig (Balete),ornamental,"rule: type text says ornamental (use_tags 'ornamental;shade', category 'Native Ornamental / Shade'); provisional, to be confirmed by the agriculturist"
42,Weeping Fig (Balete),urban greening/shade,"rule: type text says shade or urban_tags lists ['open spaces', 'parks'] (not the scored urban purpose); provisional, to be confirmed by the agriculturist"
43,Lemon,food security/livelihood,"rule: a food-bearing species (type text) that is a high-value crop or has urban_tags ['household gardens']; provisional, to be confirmed by the agriculturist"
43,Lemon,fruit-bearing,"rule: type text says fruit (use_tags 'fruit tree', category 'High-Value Crop / Fruit Tree'); provisional, to be confirmed by the agriculturist"
43,Lemon,high-value crop,"rule: is_high_value_crop is true in the species table (a team decision, not a sourced fact); provisional, to be confirmed by the agriculturist"
44,Balai Lamok,ornamental,"rule: type text says ornamental (use_tags 'ornamental;timber', category 'Native Ornamental / Timber'); provisional, to be confirmed by the agriculturist"
44,Balai Lamok,timber/industrial,"rule: type text says timber or dye (use_tags 'ornamental;timber', category 'Native Ornamental / Timber'); provisional, to be confirmed by the agriculturist"
44,Balai Lamok,urban greening/shade,"rule: type text says shade or urban_tags lists ['parks', 'streetscape'] (not the scored urban purpose); provisional, to be confirmed by the agriculturist"
45,Kamias,food security/livelihood,"rule: a food-bearing species (type text) that is a high-value crop or has urban_tags ['household gardens']; provisional, to be confirmed by the agriculturist"
45,Kamias,fruit-bearing,"rule: type text says fruit (use_tags 'fruit tree', category 'High-Value Crop / Fruit Tree'); provisional, to be confirmed by the agriculturist"
45,Kamias,high-value crop,"rule: is_high_value_crop is true in the species table (a team decision, not a sourced fact); provisional, to be confirmed by the agriculturist"
