species,reference_url,species_id
Narra,https://www.stuartxchange.org/Narra.html,1
Narra,https://prosea.prota4u.org/view.aspx?id=3739,1
Narra,https://urbangoesgreen.com/plant-guide/ornamental/narra/,1
Narra,https://apps.worldagroforestry.org/treedb/AFTPDFS/Pterocarpus_indicus.PDF,1
Molave,https://www.stuartxchange.org/Molave.html,2
Molave,https://www.ateneo.edu/ais/campusflora/molave,2
Molave,https://projecttreetag.ciit.edu.ph/ttp/2024/03/12/molave/,2
Molave,https://apps.worldagroforestry.org/treedb/AFTPDFS/Vitex_parviflora.PDF,2
Dao,https://www.stuartxchange.org/Dao.html,3
Dao,https://erdbservices.denr.gov.ph/eskris/iec_for_guest.php?operation=view&pk0=127,3
Dao,https://apps.worldagroforestry.org/treedb/AFTPDFS/Dracontomelon_dao.PDF,3
Dao,https://prosea.prota4u.org/view.aspx?id=4205,3
Banaba,https://www.stuartxchange.org/Banaba.html,4
Banaba,https://apps.worldagroforestry.org/treedb2/AFTPDFS/Lagerstroemia_speciosa.PDF,4
Banaba,https://tropical.theferns.info/viewtropical.php?id=Lagerstroemia+speciosa,4
Bitaog,https://www.stuartxchange.com/Bitaog,5
Bitaog,https://apps.worldagroforestry.org/treedb/AFTPDFS/Calophyllum_inophyllum.PDF,5
Bitaog,https://www.nparks.gov.sg/florafaunaweb/flora/2/7/2774,5
Kalumpit,https://www.stuartxchange.org/Kalumpit,6
Kalumpit,https://tropical.theferns.info/viewtropical.php?id=Terminalia+microcarpa,6
Duhat,https://www.stuartxchange.org/Duhat,7
Duhat,https://apps.worldagroforestry.org/treedb/AFTPDFS/Syzygium_cumini.PDF,7
Duhat,https://www.nparks.gov.sg/florafaunaweb/flora/3/1/3158,7
Duhat,https://tropical.theferns.info/viewtropical.php?id=Syzygium+cumini,7
Kamagong,https://www.stuartxchange.org/Mabolo.html,8
Kamagong,https://tropical.theferns.info/viewtropical.php?id=Diospyros+blancoi,8
Kamagong,https://www.nparks.gov.sg/florafaunaweb/flora/2/8/2849,8
Katmon,https://www.stuartxchange.org/Katmon.html,9
Katmon,https://tropical.theferns.info/viewtropical.php?id=Dillenia+philippinensis,9
Katmon,https://www.nparks.gov.sg/florafaunaweb/flora/2/8/2845,9
Palosapis,https://www.stuartxchange.org/Palosapis,11
Palosapis,https://tropical.theferns.info/viewtropical.php?id=Anisoptera+thurifera,11
Talisay,https://www.ateneo.edu/ais/campusflora/talisay,12
Talisay,https://apps.worldagroforestry.org/treedb/AFTPDFS/Terminalia_catappa.PDF,12
Clumping Bamboo,https://bicol.da.gov.ph/wp-content/uploads/2021/09/Bamboo-technoguide-2021.pdf,13
Langka,https://apps.worldagroforestry.org/treedb/AFTPDFS/Artocarpus_heterophyllus.PDF,14
Langka,https://www.stuartxchange.com/Langka.html,14
Langka,https://tropical.theferns.info/viewtropical.php?id=Artocarpus+heterophyllus,14
Guyabano,https://apps.worldagroforestry.org/treedb/AFTPDFS/Annona_muricata.PDF,15
Guyabano,https://www.stuartxchange.org/Guyabano.html,15
Guyabano,https://tropical.theferns.info/viewtropical.php?id=Annona+muricata,15
Atsuete,https://apps.worldagroforestry.org/treedb/AFTPDFS/Bixa_orellana.PDF,16
Atsuete,https://www.stuartxchange.org/Asuete.html,16
Atsuete,https://urbangoesgreen.com/plant-guide/edible/atsuete/,16
Cacao,https://apps.worldagroforestry.org/treedb/AFTPDFS/Theobroma_cacao.PDF,17
Cacao,https://www.stuartxchange.org/Kakaw.html,17
Cacao,https://tropical.theferns.info/viewtropical.php?id=Theobroma+cacao,17
Rambutan,https://apps.worldagroforestry.org/treedb/AFTPDFS/Nephelium_lappaceum.PDF,18
Rambutan,https://cagayanvalley.da.gov.ph/wp-content/uploads/2018/02/rambutan_final2012.pdf,18
Rambutan,https://www.stuartxchange.org/Rambutan.html,18
Kasoy,https://apps.worldagroforestry.org/treedb/AFTPDFS/Anacardium_occidentale.PDF,19
Kasoy,https://www.stuartxchange.org/Kasuy.html,19
Kasoy,https://tropical.theferns.info/viewtropical.php?id=Anacardium+occidentale,19
Sampalok,https://apps.worldagroforestry.org/treedb/AFTPDFS/Tamarindus_indica.PDF,20
Sampalok,https://www.stuartxchange.org/Sampalok,20
Sampalok,https://tropical.theferns.info/viewtropical.php?id=Tamarindus+indica,20
Yakal,https://tropical.theferns.info/viewtropical.php?id=Shorea+astylosa,21
Yakal,https://binhi.ph/tree-info/?tree-name=Yakal,21
Indian/Carabao Mango,https://apps.worldagroforestry.org/treedb/AFTPDFS/Mangifera_indica.PDF,22
Indian/Carabao Mango,https://urbangoesgreen.com/plant-guide/edible/mangga/,22
Indian/Carabao Mango,https://philippinetrees.com/philippine-mango-tree-carabao/,22
Santol,https://tropical.theferns.info/viewtropical.php?id=Sandoricum+koetjape,23
Santol,https://www.stuartxchange.org/Santol.html,23
Santol,https://urbangoesgreen.com/plant-guide/edible/santol/,23
Malunggay,https://apps.worldagroforestry.org/treedb2/speciesprofile.php?Spid=1169,24
Malunggay,https://tropical.theferns.info/viewtropical.php?id=Moringa+oleifera,24
Malunggay,https://www.stuartxchange.com/Malungay,24
Star Apple,https://apps.worldagroforestry.org/treedb2/speciesprofile.php?Spid=524,25
Star Apple,https://www.stuartxchange.org/Caimito.html,25
Star Apple,https://tropical.theferns.info/viewtropical.php?id=Chrysophyllum+cainito,25
Star Apple,https://urbangoesgreen.com/plant-guide/edible/caimito/,25
Banana - Saba,https://cagayandeoro.da.gov.ph/wp-content/uploads/2013/04/SABA-BANANA-PRODUCTION-GUIDE.pdf,26
Banana - Saba,https://www.stuartxchange.org/Saging.html,26
Banana - Saba,https://urbangoesgreen.com/plant-guide/edible/saba-banana/,26
Banana - Latundan,https://hvcdp.da.gov.ph/wp-content/uploads/2022/05/Banana-Production-Manual.pdf,27
Banana - Latundan,https://urbangoesgreen.com/plant-guide/edible/saging/,27
Coconut,https://apps.worldagroforestry.org/treedb2/speciesprofile.php?Spid=545,28
Coconut,https://www.stuartxchange.org/Niyog2.html,28
Coconut,https://tropical.theferns.info/viewtropical.php?id=Cocos+nucifera,28
Calamansi,https://ati2.da.gov.ph/ati-4b/content/sites/default/files/2022-12/calamansi_final.pdf,29
Calamansi,https://www.stuartxchange.org/Kalamansi.html,29
Papaya,https://apps.worldagroforestry.org/treedb2/speciesprofile.php?Spid=442,30
Papaya,https://www.stuartxchange.org/Papaya.html,30
Papaya,https://tropical.theferns.info/viewtropical.php?id=Carica+papaya,30
Fire Tree,https://apps.worldagroforestry.org/treedb2/speciesprofile.php?Spid=648,31
Fire Tree,https://www.stuartxchange.com/FireTree.html,31
Fire Tree,https://tropical.theferns.info/viewtropical.php?id=delonix+regia,31
Salinggogon,https://tropical.theferns.info/viewtropical.php?id=Cratoxylum+formosum,32
Salinggogon,https://www.stuartxchange.org/Salingogonn,32
White Lauan,https://tropical.theferns.info/viewtropical.php?id=Shorea+contorta,33
White Lauan,https://www.stuartxchange.org/LauanPuti,33
Red Lauan,https://binhi.ph/tree-info/?tree-name=Red%20Lauan,34
Red Lauan,https://apps.worldagroforestry.org/treedb2/speciesprofile.php?Spid=17971,34
Red Lauan,https://www.stuartxchange.org/LauanPula,34
Bagtikan,https://tropical.theferns.info/viewtropical.php?id=Parashorea+malaanonan,35
Bagtikan,https://binhi.ph/tree-info/?tree-name=Bagtikan,35
Robusta (Coffee),https://hvcdp.da.gov.ph/wp-content/uploads/2022/05/Coffee-Production-guide.pdf,36
Robusta (Coffee),https://tropical.theferns.info/viewtropical.php?id=Coffea+canephora,36
Apitong,https://binhi.ph/tree-info/?tree-name=Apitong,37
Apitong,https://apps.worldagroforestry.org/treedb/AFTPDFS/Dipterocarpus_grandiflorus.PDF,37
Apitong,https://www.stuartxchange.com/Apitong,37
Chesa/Tiesa,https://apps.worldagroforestry.org/treedb/AFTPDFS/Pouteria_campechiana.PDF,38
Chesa/Tiesa,https://www.stuartxchange.org/Tiesa.html,38
Chesa/Tiesa,https://www.nparks.gov.sg/florafaunaweb/flora/3/0/3086,38
Avocado,https://apps.worldagroforestry.org/treedb2/speciesprofile.php?Spid=1274,39
Avocado,https://www.stuartxchange.org/Abukado.html,39
Avocado,https://www.nparks.gov.sg/florafaunaweb/flora/4/5/4542,39
Peacock Flower Tree,https://www.nparks.gov.sg/florafaunaweb/flora/1/7/1740,40
Peacock Flower Tree,https://www.stuartxchange.org/Bulaklak.html,40
Peacock Flower Tree,https://tropical.theferns.info/viewtropical.php?id=Caesalpinia+pulcherrima,40
Guava,https://apps.worldagroforestry.org/treedb2/speciesprofile.php?Spid=1375,41
Guava,https://www.stuartxchange.com/Bayabas.html,41
Guava,https://www.nparks.gov.sg/florafaunaweb/flora/2/3/2374,41
Weeping Fig (Balete),https://www.stuartxchange.org/Balete.html,42
Weeping Fig (Balete),https://www.nparks.gov.sg/florafaunaweb/flora/2/9/2902,42
Weeping Fig (Balete),https://tropical.theferns.info/viewtropical.php?id=ficus+benjamina,42
Lemon,https://www.nparks.gov.sg/florafaunaweb/flora/3/8/3821,43
Lemon,https://pfaf.org/user/Plant.aspx?LatinName=Citrus+limon,43
Balai Lamok,https://www.stuartxchange.com/Salingbobog.html,44
Balai Lamok,https://www.nparks.gov.sg/florafaunaweb/flora/2/8/2828,44
Balai Lamok,https://tropical.theferns.info/viewtropical.php?id=Crateva+religiosa,44
Kamias,https://apps.worldagroforestry.org/treedb/AFTPDFS/Averrhoa_bilimbi.PDF,45
Kamias,https://www.stuartxchange.org/Kamias.html,45
Kamias,https://urbangoesgreen.com/plant-guide/edible/kamias/,45
