species_id,partner_id,score,reasons,overlap_share,source_named,status,cautions
1,16,0.78,"Atsuete is a lower tree (about 8 m against 30 m) that tolerates shade, so it can grow under Narra. | Both suit the same land: 100% of the squares that suit the smaller set suit both. | They share planting months: May, Jun, Jul. | Their drought needs do not clash. | Their waterlogging needs do not clash. | Their roots are not both risky for pavements and pipes.",1.0,False,fits,
1,26,0.78,"Banana - Saba is a lower tree (about 6 m against 30 m) that tolerates shade, so it can grow under Narra. | Both suit the same land: 100% of the squares that suit the smaller set suit both. | They share planting months: May, Jun, Jul. | Their drought needs do not clash. | Their waterlogging needs do not clash. | Their roots are not both risky for pavements and pipes.",1.0,False,fits,
1,36,0.78,"Robusta (Coffee) is a lower tree (about 5 m against 30 m) that tolerates shade, so it can grow under Narra. | Both suit the same land: 100% of the squares that suit the smaller set suit both. | They share planting months: May, Jun, Jul. | Their drought needs do not clash. | Their waterlogging needs do not clash. | Their roots are not both risky for pavements and pipes.",1.0,False,fits,
1,38,0.78,"Chesa/Tiesa is a lower tree (about 15 m against 30 m) that tolerates shade, so it can grow under Narra. | Both suit the same land: 100% of the squares that suit the smaller set suit both. | They share planting months: May, Jun, Jul. | Their drought needs do not clash. | Their waterlogging needs do not clash. | Their roots are not both risky for pavements and pipes.",1.0,False,fits,
2,16,0.83,"Atsuete is a lower tree (about 8 m against 25 m) that tolerates shade, so it can grow under Molave. | Both suit the same land: 100% of the squares that suit the smaller set suit both. | They share planting months: May, Jun. | Their drought needs do not clash. | Their waterlogging needs do not clash. | Their roots are not both risky for pavements and pipes.",0.9998,False,fits,
2,38,0.8299,"Chesa/Tiesa is a lower tree (about 15 m against 25 m) that tolerates shade, so it can grow under Molave. | Both suit the same land: 100% of the squares that suit the smaller set suit both. | They share planting months: May, Jun. | Their drought needs do not clash. | Their waterlogging needs do not clash. | Their roots are not both risky for pavements and pipes.",0.9998,False,fits,
2,26,0.7999,"Banana - Saba is a lower tree (about 6 m against 25 m) that tolerates shade, so it can grow under Molave. | Both suit the same land: 100% of the squares that suit the smaller set suit both. | They share planting months: May, Jun. | Their drought needs do not clash. | Their waterlogging needs do not clash. | Their roots are not both risky for pavements and pipes.",0.9998,False,fits,
2,36,0.79,"Robusta (Coffee) is a lower tree (about 5 m against 25 m) that tolerates shade, so it can grow under Molave. | Both suit the same land: 100% of the squares that suit the smaller set suit both. | They share planting months: May, Jun. | Their drought needs do not clash. | Their waterlogging needs do not clash. | Their roots are not both risky for pavements and pipes.",1.0,False,fits,
2,15,0.77,"Guyabano is a lower tree (about 8 m against 25 m) that tolerates shade, so it can grow under Molave. | Both suit the same land: 100% of the squares that suit the smaller set suit both. | They share planting months: May, Jun. | Their drought needs do not clash. | Their waterlogging needs do not clash. | Their roots are not both risky for pavements and pipes.",1.0,False,fits,
3,7,0.76,"Duhat is a lower tree (about 20 m against 40 m) that tolerates shade, so it can grow under Dao. | Both suit the same land: 100% of the squares that suit the smaller set suit both. | They share planting months: Jun, Jul, Aug. | Their drought needs do not clash. | Their waterlogging needs do not clash. | Their roots are not both risky for pavements and pipes.",1.0,False,fits,
3,9,0.76,"Katmon is a lower tree (about 15 m against 40 m) that tolerates shade, so it can grow under Dao. | Both suit the same land: 100% of the squares that suit the smaller set suit both. | They share planting months: Jul, Aug. | Their drought needs do not clash. | Their waterlogging needs do not clash. | Their roots are not both risky for pavements and pipes.",1.0,False,fits,
3,14,0.76,"Langka is a lower tree (about 20 m against 40 m) that tolerates shade, so it can grow under Dao. | Both suit the same land (on land at least 50 m from water): 100% of the squares that suit the smaller set suit both. | They share planting months: Jun, Jul. | Their drought needs do not clash. | Caution: waterlogging tolerance differs (Dao High, Langka Low): check drainage. | Their roots are not both risky for pavements and pipes.",1.0,False,fits,check drainage
3,16,0.76,"Atsuete is a lower tree (about 8 m against 40 m) that tolerates shade, so it can grow under Dao. | Both suit the same land (on land at least 50 m from water): 100% of the squares that suit the smaller set suit both. | They share planting months: Jun, Jul. | Their drought needs do not clash. | Caution: waterlogging tolerance differs (Dao High, Atsuete Low): check drainage. | Their roots are not both risky for pavements and pipes.",1.0,False,fits,check drainage
3,17,0.76,"Cacao is a lower tree (about 8 m against 40 m) that tolerates shade, so it can grow under Dao. | Both suit the same land (on land at least 50 m from water): 100% of the squares that suit the smaller set suit both. | They share planting months: Jun, Jul. | Their drought needs do not clash. | Caution: waterlogging tolerance differs (Dao High, Cacao Low): check drainage. | Their roots are not both risky for pavements and pipes.",1.0,False,fits,check drainage
3,26,0.76,"Banana - Saba is a lower tree (about 6 m against 40 m) that tolerates shade, so it can grow under Dao. | Both suit the same land (on land at least 50 m from water): 100% of the squares that suit the smaller set suit both. | They share planting months: Jun, Jul. | Their drought needs do not clash. | Caution: waterlogging tolerance differs (Dao High, Banana - Saba Low): check drainage. | Their roots are not both risky for pavements and pipes.",1.0,False,fits,check drainage
3,27,0.76,"Banana - Latundan is a lower tree (about 4 m against 40 m) that tolerates shade, so it can grow under Dao. | Both suit the same land (on land at least 50 m from water): 100% of the squares that suit the smaller set suit both. | They share planting months: Jun, Jul. | Their drought needs do not clash. | Caution: waterlogging tolerance differs (Dao High, Banana - Latundan Low): check drainage. | Their roots are not both risky for pavements and pipes.",1.0,False,fits,check drainage
3,36,0.76,"Robusta (Coffee) is a lower tree (about 5 m against 40 m) that tolerates shade, so it can grow under Dao. | Both suit the same land (on land at least 50 m from water): 100% of the squares that suit the smaller set suit both. | They share planting months: Jun, Jul. | Their drought needs do not clash. | Caution: waterlogging tolerance differs (Dao High, Robusta (Coffee) Low): check drainage. | Their roots are not both risky for pavements and pipes.",1.0,False,fits,check drainage
3,38,0.76,"Chesa/Tiesa is a lower tree (about 15 m against 40 m) that tolerates shade, so it can grow under Dao. | Both suit the same land (on land at least 50 m from water): 100% of the squares that suit the smaller set suit both. | They share planting months: Jun, Jul. | Their drought needs do not clash. | Caution: waterlogging tolerance differs (Dao High, Chesa/Tiesa Low): check drainage. | Their roots are not both risky for pavements and pipes.",1.0,False,fits,check drainage
3,45,0.76,"Kamias is a lower tree (about 10 m against 40 m) that tolerates shade, so it can grow under Dao. | Both suit the same land (on land at least 50 m from water): 100% of the squares that suit the smaller set suit both. | They share planting months: Jun, Jul. | Their drought needs do not clash. | Caution: waterlogging tolerance differs (Dao High, Kamias Low): check drainage. | Their roots are not both risky for pavements and pipes.",1.0,False,fits,check drainage
4,16,0.81,"Atsuete is a lower tree (about 8 m against 20 m) that tolerates shade, so it can grow under Banaba. | Both suit the same land (on land at least 50 m from water): 100% of the squares that suit the smaller set suit both. | They share planting months: May, Jun, Jul. | Their drought needs do not clash. | Caution: waterlogging tolerance differs (Banaba High, Atsuete Low): check drainage. | Their roots are not both risky for pavements and pipes.",1.0,False,fits,check drainage
4,17,0.81,"Cacao is a lower tree (about 8 m against 20 m) that tolerates shade, so it can grow under Banaba. | Both suit the same land (on land at least 50 m from water): 100% of the squares that suit the smaller set suit both. | They share planting months: May, Jun, Jul. | Their drought needs do not clash. | Caution: waterlogging tolerance differs (Banaba High, Cacao Low): check drainage. | Their roots are not both risky for pavements and pipes.",1.0,False,fits,check drainage
4,45,0.81,"Kamias is a lower tree (about 10 m against 20 m) that tolerates shade, so it can grow under Banaba. | Both suit the same land (on land at least 50 m from water): 100% of the squares that suit the smaller set suit both. | They share planting months: May, Jun, Jul. | Their drought needs do not clash. | Caution: waterlogging tolerance differs (Banaba High, Kamias Low): check drainage. | Their roots are not both risky for pavements and pipes.",1.0,False,fits,check drainage
4,26,0.8,"Banana - Saba is a lower tree (about 6 m against 20 m) that tolerates shade, so it can grow under Banaba. | Both suit the same land (on land at least 50 m from water): 100% of the squares that suit the smaller set suit both. | They share planting months: May, Jun, Jul. | Their drought needs do not clash. | Caution: waterlogging tolerance differs (Banaba High, Banana - Saba Low): check drainage. | Their roots are not both risky for pavements and pipes.",1.0,False,fits,check drainage
4,27,0.8,"Banana - Latundan is a lower tree (about 4 m against 20 m) that tolerates shade, so it can grow under Banaba. | Both suit the same land (on land at least 50 m from water): 100% of the squares that suit the smaller set suit both. | They share planting months: May, Jun, Jul. | Their drought needs do not clash. | Caution: waterlogging tolerance differs (Banaba High, Banana - Latundan Low): check drainage. | Their roots are not both risky for pavements and pipes.",1.0,False,fits,check drainage
4,15,0.77,"Guyabano is a lower tree (about 8 m against 20 m) that tolerates shade, so it can grow under Banaba. | Both suit the same land (on land at least 50 m from water): 100% of the squares that suit the smaller set suit both. | They share planting months: May, Jun, Jul. | Their drought needs do not clash. | Caution: waterlogging tolerance differs (Banaba High, Guyabano Low): check drainage. | Their roots are not both risky for pavements and pipes.",1.0,False,fits,check drainage
4,36,0.6792,"Robusta (Coffee) is a lower tree (about 5 m against 20 m) that tolerates shade, so it can grow under Banaba. | Both suit the same land (on land at least 50 m from water): 56% of the squares that suit the smaller set suit both. | They share planting months: May, Jun, Jul. | Their drought needs do not clash. | Caution: waterlogging tolerance differs (Banaba High, Robusta (Coffee) Low): check drainage. | Their roots are not both risky for pavements and pipes.",0.5567,False,fits,check drainage
5,16,0.82,"Atsuete is a lower tree (about 8 m against 25 m) that tolerates shade, so it can grow under Bitaog. | Both suit the same land (on land at least 50 m from water): 100% of the squares that suit the smaller set suit both. | They share planting months: May, Jun, Jul. | Their drought needs do not clash. | Caution: waterlogging tolerance differs (Bitaog High, Atsuete Low): check drainage. | Their roots are not both risky for pavements and pipes.",1.0,False,fits,check drainage
5,38,0.82,"Chesa/Tiesa is a lower tree (about 15 m against 25 m) that tolerates shade, so it can grow under Bitaog. | Both suit the same land (on land at least 50 m from water): 100% of the squares that suit the smaller set suit both. | They share planting months: May, Jun, Jul. | Their drought needs do not clash. | Caution: waterlogging tolerance differs (Bitaog High, Chesa/Tiesa Low): check drainage. | Their roots are not both risky for pavements and pipes.",1.0,False,fits,check drainage
5,26,0.8,"Banana - Saba is a lower tree (about 6 m against 25 m) that tolerates shade, so it can grow under Bitaog. | Both suit the same land (on land at least 50 m from water): 100% of the squares that suit the smaller set suit both. | They share planting months: May, Jun, Jul. | Their drought needs do not clash. | Caution: waterlogging tolerance differs (Bitaog High, Banana - Saba Low): check drainage. | Their roots are not both risky for pavements and pipes.",1.0,False,fits,check drainage
5,15,0.77,"Guyabano is a lower tree (about 8 m against 25 m) that tolerates shade, so it can grow under Bitaog. | Both suit the same land (on land at least 50 m from water): 100% of the squares that suit the smaller set suit both. | They share planting months: May, Jun, Jul. | Their drought needs do not clash. | Caution: waterlogging tolerance differs (Bitaog High, Guyabano Low): check drainage. | Their roots are not both risky for pavements and pipes.",1.0,False,fits,check drainage
5,36,0.7252,"Robusta (Coffee) is a lower tree (about 5 m against 25 m) that tolerates shade, so it can grow under Bitaog. | Both suit the same land (on land at least 50 m from water): 74% of the squares that suit the smaller set suit both. | They share planting months: May, Jun, Jul. | Their drought needs do not clash. | Caution: waterlogging tolerance differs (Bitaog High, Robusta (Coffee) Low): check drainage. | Their roots are not both risky for pavements and pipes.",0.7409,False,fits,check drainage
6,9,0.78,"Katmon is a lower tree (about 15 m against 30 m) that tolerates shade, so it can grow under Kalumpit. | Both suit the same land: 100% of the squares that suit the smaller set suit both. | They share planting months: Jul, Aug. | Their drought needs do not clash. | Their waterlogging needs do not clash. | Their roots are not both risky for pavements and pipes.",1.0,False,fits,
6,16,0.78,"Atsuete is a lower tree (about 8 m against 30 m) that tolerates shade, so it can grow under Kalumpit. | Both suit the same land: 100% of the squares that suit the smaller set suit both. | They share planting months: Jun, Jul. | Their drought needs do not clash. | Their waterlogging needs do not clash. | Their roots are not both risky for pavements and pipes.",1.0,False,fits,
6,17,0.78,"Cacao is a lower tree (about 8 m against 30 m) that tolerates shade, so it can grow under Kalumpit. | Both suit the same land: 100% of the squares that suit the smaller set suit both. | They share planting months: Jun, Jul. | Their drought needs do not clash. | Their waterlogging needs do not clash. | Their roots are not both risky for pavements and pipes.",1.0,False,fits,
6,26,0.78,"Banana - Saba is a lower tree (about 6 m against 30 m) that tolerates shade, so it can grow under Kalumpit. | Both suit the same land: 100% of the squares that suit the smaller set suit both. | They share planting months: Jun, Jul. | Their drought needs do not clash. | Their waterlogging needs do not clash. | Their roots are not both risky for pavements and pipes.",1.0,False,fits,
6,27,0.78,"Banana - Latundan is a lower tree (about 4 m against 30 m) that tolerates shade, so it can grow under Kalumpit. | Both suit the same land: 100% of the squares that suit the smaller set suit both. | They share planting months: Jun, Jul. | Their drought needs do not clash. | Their waterlogging needs do not clash. | Their roots are not both risky for pavements and pipes.",1.0,False,fits,
6,36,0.78,"Robusta (Coffee) is a lower tree (about 5 m against 30 m) that tolerates shade, so it can grow under Kalumpit. | Both suit the same land: 100% of the squares that suit the smaller set suit both. | They share planting months: Jun, Jul. | Their drought needs do not clash. | Their waterlogging needs do not clash. | Their roots are not both risky for pavements and pipes.",1.0,False,fits,
6,38,0.78,"Chesa/Tiesa is a lower tree (about 15 m against 30 m) that tolerates shade, so it can grow under Kalumpit. | Both suit the same land: 100% of the squares that suit the smaller set suit both. | They share planting months: Jun, Jul. | Their drought needs do not clash. | Their waterlogging needs do not clash. | Their roots are not both risky for pavements and pipes.",1.0,False,fits,
6,45,0.78,"Kamias is a lower tree (about 10 m against 30 m) that tolerates shade, so it can grow under Kalumpit. | Both suit the same land: 100% of the squares that suit the smaller set suit both. | They share planting months: Jun, Jul. | Their drought needs do not clash. | Their waterlogging needs do not clash. | Their roots are not both risky for pavements and pipes.",1.0,False,fits,
7,16,0.83,"Atsuete is a lower tree (about 8 m against 20 m) that tolerates shade, so it can grow under Duhat. | Both suit the same land (on land at least 50 m from water): 100% of the squares that suit the smaller set suit both. | They share planting months: May, Jun, Jul. | Their drought needs do not clash. | Caution: waterlogging tolerance differs (Duhat High, Atsuete Low): check drainage. | Their roots are not both risky for pavements and pipes.",1.0,False,fits,check drainage
7,26,0.8,"Banana - Saba is a lower tree (about 6 m against 20 m) that tolerates shade, so it can grow under Duhat. | Both suit the same land (on land at least 50 m from water): 100% of the squares that suit the smaller set suit both. | They share planting months: May, Jun, Jul. | Their drought needs do not clash. | Caution: waterlogging tolerance differs (Duhat High, Banana - Saba Low): check drainage. | Their roots are not both risky for pavements and pipes.",1.0,False,fits,check drainage
7,36,0.79,"Robusta (Coffee) is a lower tree (about 5 m against 20 m) that tolerates shade, so it can grow under Duhat. | Both suit the same land (on land at least 50 m from water): 100% of the squares that suit the smaller set suit both. | They share planting months: May, Jun, Jul. | Their drought needs do not clash. | Caution: waterlogging tolerance differs (Duhat High, Robusta (Coffee) Low): check drainage. | Their roots are not both risky for pavements and pipes.",1.0,False,fits,check drainage
7,15,0.77,"Guyabano is a lower tree (about 8 m against 20 m) that tolerates shade, so it can grow under Duhat. | Both suit the same land (on land at least 50 m from water): 100% of the squares that suit the smaller set suit both. | They share planting months: May, Jun, Jul. | Their drought needs do not clash. | Caution: waterlogging tolerance differs (Duhat High, Guyabano Low): check drainage. | Their roots are not both risky for pavements and pipes.",1.0,False,fits,check drainage
8,16,0.83,"Atsuete is a lower tree (about 8 m against 25 m) that tolerates shade, so it can grow under Kamagong. | Both suit the same land: 100% of the squares that suit the smaller set suit both. | They share planting months: May, Jun, Jul. | Their drought needs do not clash. | Their waterlogging needs do not clash. | Their roots are not both risky for pavements and pipes.",1.0,False,fits,
8,38,0.83,"Chesa/Tiesa is a lower tree (about 15 m against 25 m) that tolerates shade, so it can grow under Kamagong. | Both suit the same land: 100% of the squares that suit the smaller set suit both. | They share planting months: May, Jun, Jul. | Their drought needs do not clash. | Their waterlogging needs do not clash. | Their roots are not both risky for pavements and pipes.",1.0,False,fits,
8,26,0.8,"Banana - Saba is a lower tree (about 6 m against 25 m) that tolerates shade, so it can grow under Kamagong. | Both suit the same land: 100% of the squares that suit the smaller set suit both. | They share planting months: May, Jun, Jul. | Their drought needs do not clash. | Their waterlogging needs do not clash. | Their roots are not both risky for pavements and pipes.",1.0,False,fits,
8,36,0.79,"Robusta (Coffee) is a lower tree (about 5 m against 25 m) that tolerates shade, so it can grow under Kamagong. | Both suit the same land: 100% of the squares that suit the smaller set suit both. | They share planting months: May, Jun, Jul. | Their drought needs do not clash. | Their waterlogging needs do not clash. | Their roots are not both risky for pavements and pipes.",1.0,False,fits,
8,15,0.77,"Guyabano is a lower tree (about 8 m against 25 m) that tolerates shade, so it can grow under Kamagong. | Both suit the same land: 100% of the squares that suit the smaller set suit both. | They share planting months: May, Jun, Jul. | Their drought needs do not clash. | Their waterlogging needs do not clash. | Their roots are not both risky for pavements and pipes.",1.0,False,fits,
10,17,0.8,"Cacao is a lower tree (about 8 m against 25 m) that tolerates shade, so it can grow under Batikuling. | Both suit the same land: 100% of the squares that suit the smaller set suit both. | They share planting months: May, Jun. | Their drought needs do not clash. | Their waterlogging needs do not clash. | Their roots are not both risky for pavements and pipes.",1.0,False,fits,
10,26,0.8,"Banana - Saba is a lower tree (about 6 m against 25 m) that tolerates shade, so it can grow under Batikuling. | Both suit the same land: 100% of the squares that suit the smaller set suit both. | They share planting months: May, Jun. | Their drought needs do not clash. | Their waterlogging needs do not clash. | Their roots are not both risky for pavements and pipes.",1.0,False,fits,
10,27,0.8,"Banana - Latundan is a lower tree (about 4 m against 25 m) that tolerates shade, so it can grow under Batikuling. | Both suit the same land: 100% of the squares that suit the smaller set suit both. | They share planting months: May, Jun. | Their drought needs do not clash. | Their waterlogging needs do not clash. | Their roots are not both risky for pavements and pipes.",1.0,False,fits,
10,45,0.8,"Kamias is a lower tree (about 10 m against 25 m) that tolerates shade, so it can grow under Batikuling. | Both suit the same land: 100% of the squares that suit the smaller set suit both. | They share planting months: May, Jun. | Their drought needs do not clash. | Their waterlogging needs do not clash. | Their roots are not both risky for pavements and pipes.",1.0,False,fits,
10,36,0.79,"Robusta (Coffee) is a lower tree (about 5 m against 25 m) that tolerates shade, so it can grow under Batikuling. | Both suit the same land: 100% of the squares that suit the smaller set suit both. | They share planting months: May, Jun. | Their drought needs do not clash. | Their waterlogging needs do not clash. | Their roots are not both risky for pavements and pipes.",1.0,False,fits,
10,15,0.77,"Guyabano is a lower tree (about 8 m against 25 m) that tolerates shade, so it can grow under Batikuling. | Both suit the same land: 100% of the squares that suit the smaller set suit both. | They share planting months: May, Jun. | Their drought needs do not clash. | Their waterlogging needs do not clash. | Their roots are not both risky for pavements and pipes.",1.0,False,fits,
10,1,0.43,"Named in the sources, conditions differ: the species data names Narra as a partner of Batikuling, but our rules do not agree. | Drought tolerance differs (Batikuling Low, Narra High).",1.0,True,named_conditions_differ,
11,9,0.83,"Katmon is a lower tree (about 15 m against 40 m) that tolerates shade, so it can grow under Palosapis. | Both suit the same land: 100% of the squares that suit the smaller set suit both. | They share planting months: Jul, Aug. | Their drought needs do not clash. | Their waterlogging needs do not clash. | Their roots are not both risky for pavements and pipes.",1.0,False,fits,
12,16,0.77,"Atsuete is a lower tree (about 8 m against 25 m) that tolerates shade, so it can grow under Talisay. | Both suit the same land: 100% of the squares that suit the smaller set suit both. | They share planting months: May, Jun, Jul. | Their drought needs do not clash. | Their waterlogging needs do not clash. | Their roots are not both risky for pavements and pipes.",1.0,False,fits,
12,26,0.77,"Banana - Saba is a lower tree (about 6 m against 25 m) that tolerates shade, so it can grow under Talisay. | Both suit the same land: 100% of the squares that suit the smaller set suit both. | They share planting months: May, Jun, Jul. | Their drought needs do not clash. | Their waterlogging needs do not clash. | Their roots are not both risky for pavements and pipes.",1.0,False,fits,
12,36,0.77,"Robusta (Coffee) is a lower tree (about 5 m against 25 m) that tolerates shade, so it can grow under Talisay. | Both suit the same land: 100% of the squares that suit the smaller set suit both. | They share planting months: May, Jun, Jul. | Their drought needs do not clash. | Their waterlogging needs do not clash. | Their roots are not both risky for pavements and pipes.",1.0,False,fits,
12,38,0.77,"Chesa/Tiesa is a lower tree (about 15 m against 25 m) that tolerates shade, so it can grow under Talisay. | Both suit the same land: 100% of the squares that suit the smaller set suit both. | They share planting months: May, Jun, Jul. | Their drought needs do not clash. | Their waterlogging needs do not clash. | Their roots are not both risky for pavements and pipes.",1.0,False,fits,
13,16,0.8,"Atsuete is a lower tree (about 8 m against 25 m) that tolerates shade, so it can grow under Clumping Bamboo. | Both suit the same land (on land at least 50 m from water): 100% of the squares that suit the smaller set suit both. | They share planting months: May, Jun, Jul. | Their drought needs do not clash. | Caution: waterlogging tolerance differs (Clumping Bamboo High, Atsuete Low): check drainage. | Their roots are not both risky for pavements and pipes.",1.0,False,fits,check drainage
13,26,0.8,"Banana - Saba is a lower tree (about 6 m against 25 m) that tolerates shade, so it can grow under Clumping Bamboo. | Both suit the same land (on land at least 50 m from water): 100% of the squares that suit the smaller set suit both. | They share planting months: May, Jun, Jul. | Their drought needs do not clash. | Caution: waterlogging tolerance differs (Clumping Bamboo High, Banana - Saba Low): check drainage. | Their roots are not both risky for pavements and pipes.",1.0,False,fits,check drainage
13,38,0.8,"Chesa/Tiesa is a lower tree (about 15 m against 25 m) that tolerates shade, so it can grow under Clumping Bamboo. | Both suit the same land (on land at least 50 m from water): 100% of the squares that suit the smaller set suit both. | They share planting months: May, Jun, Jul. | Their drought needs do not clash. | Caution: waterlogging tolerance differs (Clumping Bamboo High, Chesa/Tiesa Low): check drainage. | Their roots are not both risky for pavements and pipes.",1.0,False,fits,check drainage
13,36,0.79,"Robusta (Coffee) is a lower tree (about 5 m against 25 m) that tolerates shade, so it can grow under Clumping Bamboo. | Both suit the same land (on land at least 50 m from water): 100% of the squares that suit the smaller set suit both. | They share planting months: May, Jun, Jul. | Their drought needs do not clash. | Caution: waterlogging tolerance differs (Clumping Bamboo High, Robusta (Coffee) Low): check drainage. | Their roots are not both risky for pavements and pipes.",1.0,False,fits,check drainage
13,15,0.77,"Guyabano is a lower tree (about 8 m against 25 m) that tolerates shade, so it can grow under Clumping Bamboo. | Both suit the same land (on land at least 50 m from water): 100% of the squares that suit the smaller set suit both. | They share planting months: May, Jun, Jul. | Their drought needs do not clash. | Caution: waterlogging tolerance differs (Clumping Bamboo High, Guyabano Low): check drainage. | Their roots are not both risky for pavements and pipes.",1.0,False,fits,check drainage
14,17,0.96,"Cacao is a lower tree (about 8 m against 20 m) that tolerates shade, so it can grow under Langka. | The species data names Cacao as a partner of Langka. | Both suit the same land: 100% of the squares that suit the smaller set suit both. | They share planting months: May, Jun, Jul. | Their drought needs do not clash. | Their waterlogging needs do not clash. | Their roots are not both risky for pavements and pipes.",1.0,True,fits,
14,36,0.9131,"Robusta (Coffee) is a lower tree (about 5 m against 20 m) that tolerates shade, so it can grow under Langka. | The species data names Robusta (Coffee) as a partner of Langka. | Both suit the same land: 89% of the squares that suit the smaller set suit both. | They share planting months: May, Jun, Jul. | Their drought needs do not clash. | Their waterlogging needs do not clash. | Their roots are not both risky for pavements and pipes.",0.8925,True,fits,
14,16,0.83,"Atsuete is a lower tree (about 8 m against 20 m) that tolerates shade, so it can grow under Langka. | Both suit the same land: 100% of the squares that suit the smaller set suit both. | They share planting months: May, Jun, Jul. | Their drought needs do not clash. | Their waterlogging needs do not clash. | Their roots are not both risky for pavements and pipes.",1.0,False,fits,
14,45,0.83,"Kamias is a lower tree (about 10 m against 20 m) that tolerates shade, so it can grow under Langka. | Both suit the same land: 100% of the squares that suit the smaller set suit both. | They share planting months: May, Jun, Jul. | Their drought needs do not clash. | Their waterlogging needs do not clash. | Their roots are not both risky for pavements and pipes.",1.0,False,fits,
14,26,0.8,"Banana - Saba is a lower tree (about 6 m against 20 m) that tolerates shade, so it can grow under Langka. | Both suit the same land: 100% of the squares that suit the smaller set suit both. | They share planting months: May, Jun, Jul. | Their drought needs do not clash. | Their waterlogging needs do not clash. | Their roots are not both risky for pavements and pipes.",1.0,False,fits,
14,27,0.8,"Banana - Latundan is a lower tree (about 4 m against 20 m) that tolerates shade, so it can grow under Langka. | Both suit the same land: 100% of the squares that suit the smaller set suit both. | They share planting months: May, Jun, Jul. | Their drought needs do not clash. | Their waterlogging needs do not clash. | Their roots are not both risky for pavements and pipes.",1.0,False,fits,
14,15,0.77,"Guyabano is a lower tree (about 8 m against 20 m) that tolerates shade, so it can grow under Langka. | Both suit the same land: 100% of the squares that suit the smaller set suit both. | They share planting months: May, Jun, Jul. | Their drought needs do not clash. | Their waterlogging needs do not clash. | Their roots are not both risky for pavements and pipes.",1.0,False,fits,
15,27,0.77,"Banana - Latundan is a lower tree (about 4 m against 8 m) that tolerates shade, so it can grow under Guyabano. | Both suit the same land: 100% of the squares that suit the smaller set suit both. | They share planting months: May, Jun, Jul. | Their drought needs do not clash. | Their waterlogging needs do not clash. | Their roots are not both risky for pavements and pipes.",1.0,False,fits,
15,14,0.57,"The species data names Langka as a partner of Guyabano. | Both suit the same land: 100% of the squares that suit the smaller set suit both. | They share planting months: May, Jun, Jul. | Their drought needs do not clash. | Their waterlogging needs do not clash. | Their roots are not both risky for pavements and pipes.",1.0,True,fits,
17,27,0.95,"Banana - Latundan is a lower tree (about 4 m against 8 m) that tolerates shade, so it can grow under Cacao. | The species data names Banana - Latundan as a partner of Cacao. | Both suit the same land: 100% of the squares that suit the smaller set suit both. | They share planting months: May, Jun, Jul. | Their drought needs do not clash. | Their waterlogging needs do not clash. | Their roots are not both risky for pavements and pipes.",1.0,True,fits,
17,26,0.6,"The species data names Banana - Saba as a partner of Cacao. | Both suit the same land: 100% of the squares that suit the smaller set suit both. | They share planting months: May, Jun, Jul. | Their drought needs do not clash. | Their waterlogging needs do not clash. | Their roots are not both risky for pavements and pipes.",1.0,True,fits,
17,28,0.44,"Named in the sources, conditions differ: the species data names Coconut as a partner of Cacao, but our rules do not agree. | Drought tolerance differs (Cacao Low, Coconut High).",1.0,True,named_conditions_differ,
18,45,0.8299,"Kamias is a lower tree (about 10 m against 20 m) that tolerates shade, so it can grow under Rambutan. | Both suit the same land: 100% of the squares that suit the smaller set suit both. | They share planting months: May, Jun, Jul. | Their drought needs do not clash. | Their waterlogging needs do not clash. | Their roots are not both risky for pavements and pipes.",0.9997,False,fits,
18,17,0.81,"Cacao is a lower tree (about 8 m against 20 m) that tolerates shade, so it can grow under Rambutan. | Both suit the same land: 100% of the squares that suit the smaller set suit both. | They share planting months: May, Jun, Jul. | Their drought needs do not clash. | Their waterlogging needs do not clash. | Their roots are not both risky for pavements and pipes.",1.0,False,fits,
18,26,0.8,"Banana - Saba is a lower tree (about 6 m against 20 m) that tolerates shade, so it can grow under Rambutan. | Both suit the same land: 100% of the squares that suit the smaller set suit both. | They share planting months: May, Jun, Jul. | Their drought needs do not clash. | Their waterlogging needs do not clash. | Their roots are not both risky for pavements and pipes.",1.0,False,fits,
18,27,0.8,"Banana - Latundan is a lower tree (about 4 m against 20 m) that tolerates shade, so it can grow under Rambutan. | Both suit the same land: 100% of the squares that suit the smaller set suit both. | They share planting months: May, Jun, Jul. | Their drought needs do not clash. | Their waterlogging needs do not clash. | Their roots are not both risky for pavements and pipes.",1.0,False,fits,
18,15,0.77,"Guyabano is a lower tree (about 8 m against 20 m) that tolerates shade, so it can grow under Rambutan. | Both suit the same land: 100% of the squares that suit the smaller set suit both. | They share planting months: May, Jun, Jul. | Their drought needs do not clash. | Their waterlogging needs do not clash. | Their roots are not both risky for pavements and pipes.",1.0,False,fits,
18,36,0.7257,"Robusta (Coffee) is a lower tree (about 5 m against 20 m) that tolerates shade, so it can grow under Rambutan. | Both suit the same land: 74% of the squares that suit the smaller set suit both. | They share planting months: May, Jun, Jul. | Their drought needs do not clash. | Their waterlogging needs do not clash. | Their roots are not both risky for pavements and pipes.",0.7428,False,fits,
19,16,0.82,"Atsuete is a lower tree (about 8 m against 15 m) that tolerates shade, so it can grow under Kasoy. | Both suit the same land: 100% of the squares that suit the smaller set suit both. | They share planting months: May, Jun. | Their drought needs do not clash. | Their waterlogging needs do not clash. | Their roots are not both risky for pavements and pipes.",0.9998,False,fits,
19,26,0.7999,"Banana - Saba is a lower tree (about 6 m against 15 m) that tolerates shade, so it can grow under Kasoy. | Both suit the same land: 100% of the squares that suit the smaller set suit both. | They share planting months: May, Jun. | Their drought needs do not clash. | Their waterlogging needs do not clash. | Their roots are not both risky for pavements and pipes.",0.9998,False,fits,
19,36,0.79,"Robusta (Coffee) is a lower tree (about 5 m against 15 m) that tolerates shade, so it can grow under Kasoy. | Both suit the same land: 100% of the squares that suit the smaller set suit both. | They share planting months: May, Jun. | Their drought needs do not clash. | Their waterlogging needs do not clash. | Their roots are not both risky for pavements and pipes.",1.0,False,fits,
19,15,0.77,"Guyabano is a lower tree (about 8 m against 15 m) that tolerates shade, so it can grow under Kasoy. | Both suit the same land: 100% of the squares that suit the smaller set suit both. | They share planting months: May, Jun. | Their drought needs do not clash. | Their waterlogging needs do not clash. | Their roots are not both risky for pavements and pipes.",1.0,False,fits,
20,16,0.83,"Atsuete is a lower tree (about 8 m against 25 m) that tolerates shade, so it can grow under Sampalok. | Both suit the same land: 100% of the squares that suit the smaller set suit both. | They share planting months: May, Jun. | Their drought needs do not clash. | Their waterlogging needs do not clash. | Their roots are not both risky for pavements and pipes.",1.0,False,fits,
20,38,0.83,"Chesa/Tiesa is a lower tree (about 15 m against 25 m) that tolerates shade, so it can grow under Sampalok. | Both suit the same land: 100% of the squares that suit the smaller set suit both. | They share planting months: May, Jun. | Their drought needs do not clash. | Their waterlogging needs do not clash. | Their roots are not both risky for pavements and pipes.",1.0,False,fits,
20,26,0.8,"Banana - Saba is a lower tree (about 6 m against 25 m) that tolerates shade, so it can grow under Sampalok. | Both suit the same land: 100% of the squares that suit the smaller set suit both. | They share planting months: May, Jun. | Their drought needs do not clash. | Their waterlogging needs do not clash. | Their roots are not both risky for pavements and pipes.",1.0,False,fits,
20,36,0.79,"Robusta (Coffee) is a lower tree (about 5 m against 25 m) that tolerates shade, so it can grow under Sampalok. | Both suit the same land: 100% of the squares that suit the smaller set suit both. | They share planting months: May, Jun. | Their drought needs do not clash. | Their waterlogging needs do not clash. | Their roots are not both risky for pavements and pipes.",1.0,False,fits,
20,15,0.77,"Guyabano is a lower tree (about 8 m against 25 m) that tolerates shade, so it can grow under Sampalok. | Both suit the same land: 100% of the squares that suit the smaller set suit both. | They share planting months: May, Jun. | Their drought needs do not clash. | Their waterlogging needs do not clash. | Their roots are not both risky for pavements and pipes.",1.0,False,fits,
21,9,0.83,"Katmon is a lower tree (about 15 m against 35 m) that tolerates shade, so it can grow under Yakal. | Both suit the same land: 100% of the squares that suit the smaller set suit both. | They share planting months: Jul, Aug. | Their drought needs do not clash. | Their waterlogging needs do not clash. | Their roots are not both risky for pavements and pipes.",1.0,False,fits,
22,16,0.83,"Atsuete is a lower tree (about 8 m against 25 m) that tolerates shade, so it can grow under Indian/Carabao Mango. | Both suit the same land: 100% of the squares that suit the smaller set suit both. | They share planting months: May, Jun, Jul. | Their drought needs do not clash. | Their waterlogging needs do not clash. | Their roots are not both risky for pavements and pipes.",1.0,False,fits,
22,38,0.83,"Chesa/Tiesa is a lower tree (about 15 m against 25 m) that tolerates shade, so it can grow under Indian/Carabao Mango. | Both suit the same land: 100% of the squares that suit the smaller set suit both. | They share planting months: May, Jun, Jul. | Their drought needs do not clash. | Their waterlogging needs do not clash. | Their roots are not both risky for pavements and pipes.",1.0,False,fits,
22,26,0.8,"Banana - Saba is a lower tree (about 6 m against 25 m) that tolerates shade, so it can grow under Indian/Carabao Mango. | Both suit the same land: 100% of the squares that suit the smaller set suit both. | They share planting months: May, Jun, Jul. | Their drought needs do not clash. | Their waterlogging needs do not clash. | Their roots are not both risky for pavements and pipes.",1.0,False,fits,
22,15,0.77,"Guyabano is a lower tree (about 8 m against 25 m) that tolerates shade, so it can grow under Indian/Carabao Mango. | Both suit the same land: 100% of the squares that suit the smaller set suit both. | They share planting months: May, Jun, Jul. | Their drought needs do not clash. | Their waterlogging needs do not clash. | Their roots are not both risky for pavements and pipes.",1.0,False,fits,
22,36,0.7631,"Robusta (Coffee) is a lower tree (about 5 m against 25 m) that tolerates shade, so it can grow under Indian/Carabao Mango. | Both suit the same land: 89% of the squares that suit the smaller set suit both. | They share planting months: May, Jun, Jul. | Their drought needs do not clash. | Their waterlogging needs do not clash. | Their roots are not both risky for pavements and pipes.",0.8925,False,fits,
23,16,0.83,"Atsuete is a lower tree (about 8 m against 30 m) that tolerates shade, so it can grow under Santol. | Both suit the same land: 100% of the squares that suit the smaller set suit both. | They share planting months: May, Jun, Jul. | Their drought needs do not clash. | Their waterlogging needs do not clash. | Their roots are not both risky for pavements and pipes.",1.0,False,fits,
23,38,0.8299,"Chesa/Tiesa is a lower tree (about 15 m against 30 m) that tolerates shade, so it can grow under Santol. | Both suit the same land: 100% of the squares that suit the smaller set suit both. | They share planting months: May, Jun, Jul. | Their drought needs do not clash. | Their waterlogging needs do not clash. | Their roots are not both risky for pavements and pipes.",0.9998,False,fits,
23,45,0.8299,"Kamias is a lower tree (about 10 m against 30 m) that tolerates shade, so it can grow under Santol. | Both suit the same land: 100% of the squares that suit the smaller set suit both. | They share planting months: May, Jun, Jul. | Their drought needs do not clash. | Their waterlogging needs do not clash. | Their roots are not both risky for pavements and pipes.",0.9997,False,fits,
23,17,0.81,"Cacao is a lower tree (about 8 m against 30 m) that tolerates shade, so it can grow under Santol. | Both suit the same land: 100% of the squares that suit the smaller set suit both. | They share planting months: May, Jun, Jul. | Their drought needs do not clash. | Their waterlogging needs do not clash. | Their roots are not both risky for pavements and pipes.",1.0,False,fits,
23,26,0.7999,"Banana - Saba is a lower tree (about 6 m against 30 m) that tolerates shade, so it can grow under Santol. | Both suit the same land: 100% of the squares that suit the smaller set suit both. | They share planting months: May, Jun, Jul. | Their drought needs do not clash. | Their waterlogging needs do not clash. | Their roots are not both risky for pavements and pipes.",0.9998,False,fits,
23,27,0.7999,"Banana - Latundan is a lower tree (about 4 m against 30 m) that tolerates shade, so it can grow under Santol. | Both suit the same land: 100% of the squares that suit the smaller set suit both. | They share planting months: May, Jun, Jul. | Their drought needs do not clash. | Their waterlogging needs do not clash. | Their roots are not both risky for pavements and pipes.",0.9998,False,fits,
23,36,0.79,"Robusta (Coffee) is a lower tree (about 5 m against 30 m) that tolerates shade, so it can grow under Santol. | Both suit the same land: 100% of the squares that suit the smaller set suit both. | They share planting months: May, Jun, Jul. | Their drought needs do not clash. | Their waterlogging needs do not clash. | Their roots are not both risky for pavements and pipes.",1.0,False,fits,
23,15,0.77,"Guyabano is a lower tree (about 8 m against 30 m) that tolerates shade, so it can grow under Santol. | Both suit the same land: 100% of the squares that suit the smaller set suit both. | They share planting months: May, Jun, Jul. | Their drought needs do not clash. | Their waterlogging needs do not clash. | Their roots are not both risky for pavements and pipes.",1.0,False,fits,
24,26,0.8,"Banana - Saba is a lower tree (about 6 m against 10 m) that tolerates shade, so it can grow under Malunggay. | Both suit the same land: 100% of the squares that suit the smaller set suit both. | They share planting months: May, Jun, Jul. | Their drought needs do not clash. | Their waterlogging needs do not clash. | Their roots are not both risky for pavements and pipes.",1.0,False,fits,
24,36,0.7631,"Robusta (Coffee) is a lower tree (about 5 m against 10 m) that tolerates shade, so it can grow under Malunggay. | Both suit the same land: 89% of the squares that suit the smaller set suit both. | They share planting months: May, Jun, Jul. | Their drought needs do not clash. | Their waterlogging needs do not clash. | Their roots are not both risky for pavements and pipes.",0.8925,False,fits,
25,16,0.83,"Atsuete is a lower tree (about 8 m against 20 m) that tolerates shade, so it can grow under Star Apple. | Both suit the same land: 100% of the squares that suit the smaller set suit both. | They share planting months: May, Jun, Jul. | Their drought needs do not clash. | Their waterlogging needs do not clash. | Their roots are not both risky for pavements and pipes.",1.0,False,fits,
25,45,0.83,"Kamias is a lower tree (about 10 m against 20 m) that tolerates shade, so it can grow under Star Apple. | Both suit the same land: 100% of the squares that suit the smaller set suit both. | They share planting months: May, Jun, Jul. | Their drought needs do not clash. | Their waterlogging needs do not clash. | Their roots are not both risky for pavements and pipes.",1.0,False,fits,
25,17,0.81,"Cacao is a lower tree (about 8 m against 20 m) that tolerates shade, so it can grow under Star Apple. | Both suit the same land: 100% of the squares that suit the smaller set suit both. | They share planting months: May, Jun, Jul. | Their drought needs do not clash. | Their waterlogging needs do not clash. | Their roots are not both risky for pavements and pipes.",1.0,False,fits,
25,26,0.8,"Banana - Saba is a lower tree (about 6 m against 20 m) that tolerates shade, so it can grow under Star Apple. | Both suit the same land: 100% of the squares that suit the smaller set suit both. | They share planting months: May, Jun, Jul. | Their drought needs do not clash. | Their waterlogging needs do not clash. | Their roots are not both risky for pavements and pipes.",1.0,False,fits,
25,27,0.8,"Banana - Latundan is a lower tree (about 4 m against 20 m) that tolerates shade, so it can grow under Star Apple. | Both suit the same land: 100% of the squares that suit the smaller set suit both. | They share planting months: May, Jun, Jul. | Their drought needs do not clash. | Their waterlogging needs do not clash. | Their roots are not both risky for pavements and pipes.",1.0,False,fits,
25,15,0.77,"Guyabano is a lower tree (about 8 m against 20 m) that tolerates shade, so it can grow under Star Apple. | Both suit the same land: 100% of the squares that suit the smaller set suit both. | They share planting months: May, Jun, Jul. | Their drought needs do not clash. | Their waterlogging needs do not clash. | Their roots are not both risky for pavements and pipes.",1.0,False,fits,
25,36,0.7631,"Robusta (Coffee) is a lower tree (about 5 m against 20 m) that tolerates shade, so it can grow under Star Apple. | Both suit the same land: 89% of the squares that suit the smaller set suit both. | They share planting months: May, Jun, Jul. | Their drought needs do not clash. | Their waterlogging needs do not clash. | Their roots are not both risky for pavements and pipes.",0.8925,False,fits,
26,17,0.6,"The species data names Cacao as a partner of Banana - Saba. | Both suit the same land: 100% of the squares that suit the smaller set suit both. | They share planting months: May, Jun, Jul. | Their drought needs do not clash. | Their waterlogging needs do not clash. | Their roots are not both risky for pavements and pipes.",1.0,True,fits,
26,36,0.5631,"The species data names Robusta (Coffee) as a partner of Banana - Saba. | Both suit the same land: 89% of the squares that suit the smaller set suit both. | They share planting months: May, Jun, Jul. | Their drought needs do not clash. | Their waterlogging needs do not clash. | Their roots are not both risky for pavements and pipes.",0.8925,True,fits,
27,17,0.6,"The species data names Cacao as a partner of Banana - Latundan. | Both suit the same land: 100% of the squares that suit the smaller set suit both. | They share planting months: May, Jun, Jul. | Their drought needs do not clash. | Their waterlogging needs do not clash. | Their roots are not both risky for pavements and pipes.",1.0,True,fits,
27,36,0.5631,"The species data names Robusta (Coffee) as a partner of Banana - Latundan. | Both suit the same land: 89% of the squares that suit the smaller set suit both. | They share planting months: May, Jun, Jul. | Their drought needs do not clash. | Their waterlogging needs do not clash. | Their roots are not both risky for pavements and pipes.",0.8925,True,fits,
28,36,0.9131,"Robusta (Coffee) is a lower tree (about 5 m against 30 m) that tolerates shade, so it can grow under Coconut. | The species data names Robusta (Coffee) as a partner of Coconut. | Both suit the same land: 89% of the squares that suit the smaller set suit both. | They share planting months: May, Jun, Jul. | Their drought needs do not clash. | Their waterlogging needs do not clash. | Their roots are not both risky for pavements and pipes.",0.8925,True,fits,
28,26,0.79,"Banana - Saba is a lower tree (about 6 m against 30 m) that tolerates shade, so it can grow under Coconut. | Both suit the same land: 100% of the squares that suit the smaller set suit both. | They share planting months: May, Jun, Jul. | Their drought needs do not clash. | Their waterlogging needs do not clash. | Their roots are not both risky for pavements and pipes.",1.0,False,fits,
28,38,0.79,"Chesa/Tiesa is a lower tree (about 15 m against 30 m) that tolerates shade, so it can grow under Coconut. | Both suit the same land: 100% of the squares that suit the smaller set suit both. | They share planting months: May, Jun, Jul. | Their drought needs do not clash. | Their waterlogging needs do not clash. | Their roots are not both risky for pavements and pipes.",1.0,False,fits,
28,16,0.7899,"Atsuete is a lower tree (about 8 m against 30 m) that tolerates shade, so it can grow under Coconut. | Both suit the same land: 100% of the squares that suit the smaller set suit both. | They share planting months: May, Jun, Jul. | Their drought needs do not clash. | Their waterlogging needs do not clash. | Their roots are not both risky for pavements and pipes.",0.9998,False,fits,
28,15,0.77,"Guyabano is a lower tree (about 8 m against 30 m) that tolerates shade, so it can grow under Coconut. | Both suit the same land: 100% of the squares that suit the smaller set suit both. | They share planting months: May, Jun, Jul. | Their drought needs do not clash. | Their waterlogging needs do not clash. | Their roots are not both risky for pavements and pipes.",1.0,False,fits,
28,17,0.79,"Named in the sources, conditions differ: the species data names Cacao as a partner of Coconut, but our rules do not agree. | Drought tolerance differs (Coconut High, Cacao Low).",1.0,True,named_conditions_differ,
30,27,0.79,"Banana - Latundan is a lower tree (about 4 m against 8 m) that tolerates shade, so it can grow under Papaya. | Both suit the same land: 100% of the squares that suit the smaller set suit both. | They share planting months: May, Jun, Jul. | Their drought needs do not clash. | Their waterlogging needs do not clash. | Their roots are not both risky for pavements and pipes.",1.0,False,fits,
31,16,0.76,"Atsuete is a lower tree (about 8 m against 15 m) that tolerates shade, so it can grow under Fire Tree. | Both suit the same land: 100% of the squares that suit the smaller set suit both. | They share planting months: May, Jun, Jul. | Their drought needs do not clash. | Their waterlogging needs do not clash. | Their roots are not both risky for pavements and pipes.",1.0,False,fits,
31,26,0.76,"Banana - Saba is a lower tree (about 6 m against 15 m) that tolerates shade, so it can grow under Fire Tree. | Both suit the same land: 100% of the squares that suit the smaller set suit both. | They share planting months: May, Jun, Jul. | Their drought needs do not clash. | Their waterlogging needs do not clash. | Their roots are not both risky for pavements and pipes.",1.0,False,fits,
31,36,0.6957,"Robusta (Coffee) is a lower tree (about 5 m against 15 m) that tolerates shade, so it can grow under Fire Tree. | Both suit the same land: 74% of the squares that suit the smaller set suit both. | They share planting months: May, Jun, Jul. | Their drought needs do not clash. | Their waterlogging needs do not clash. | Their roots are not both risky for pavements and pipes.",0.7428,False,fits,
32,16,0.83,"Atsuete is a lower tree (about 8 m against 20 m) that tolerates shade, so it can grow under Salinggogon. | Both suit the same land: 100% of the squares that suit the smaller set suit both. | They share planting months: May, Jun, Jul. | Their drought needs do not clash. | Their waterlogging needs do not clash. | Their roots are not both risky for pavements and pipes.",1.0,False,fits,
32,26,0.8,"Banana - Saba is a lower tree (about 6 m against 20 m) that tolerates shade, so it can grow under Salinggogon. | Both suit the same land: 100% of the squares that suit the smaller set suit both. | They share planting months: May, Jun, Jul. | Their drought needs do not clash. | Their waterlogging needs do not clash. | Their roots are not both risky for pavements and pipes.",1.0,False,fits,
32,36,0.79,"Robusta (Coffee) is a lower tree (about 5 m against 20 m) that tolerates shade, so it can grow under Salinggogon. | Both suit the same land: 100% of the squares that suit the smaller set suit both. | They share planting months: May, Jun, Jul. | Their drought needs do not clash. | Their waterlogging needs do not clash. | Their roots are not both risky for pavements and pipes.",1.0,False,fits,
32,15,0.77,"Guyabano is a lower tree (about 8 m against 20 m) that tolerates shade, so it can grow under Salinggogon. | Both suit the same land: 100% of the squares that suit the smaller set suit both. | They share planting months: May, Jun, Jul. | Their drought needs do not clash. | Their waterlogging needs do not clash. | Their roots are not both risky for pavements and pipes.",1.0,False,fits,
33,9,0.83,"Katmon is a lower tree (about 15 m against 50 m) that tolerates shade, so it can grow under White Lauan. | Both suit the same land: 100% of the squares that suit the smaller set suit both. | They share planting months: Jul, Aug. | Their drought needs do not clash. | Their waterlogging needs do not clash. | Their roots are not both risky for pavements and pipes.",1.0,False,fits,
33,6,0.78,"Kalumpit is a lower tree (about 30 m against 50 m) that tolerates shade, so it can grow under White Lauan. | Both suit the same land: 100% of the squares that suit the smaller set suit both. | They share planting months: Jul, Aug. | Their drought needs do not clash. | Their waterlogging needs do not clash. | Their roots are not both risky for pavements and pipes.",1.0,False,fits,
34,9,0.83,"Katmon is a lower tree (about 15 m against 50 m) that tolerates shade, so it can grow under Red Lauan. | Both suit the same land: 100% of the squares that suit the smaller set suit both. | They share planting months: Jul, Aug. | Their drought needs do not clash. | Their waterlogging needs do not clash. | Their roots are not both risky for pavements and pipes.",1.0,False,fits,
34,6,0.78,"Kalumpit is a lower tree (about 30 m against 50 m) that tolerates shade, so it can grow under Red Lauan. | Both suit the same land: 100% of the squares that suit the smaller set suit both. | They share planting months: Jul, Aug. | Their drought needs do not clash. | Their waterlogging needs do not clash. | Their roots are not both risky for pavements and pipes.",1.0,False,fits,
35,9,0.83,"Katmon is a lower tree (about 15 m against 60 m) that tolerates shade, so it can grow under Bagtikan. | Both suit the same land: 100% of the squares that suit the smaller set suit both. | They share planting months: Jul, Aug. | Their drought needs do not clash. | Their waterlogging needs do not clash. | Their roots are not both risky for pavements and pipes.",1.0,False,fits,
35,21,0.83,"Yakal is a lower tree (about 35 m against 60 m) that tolerates shade, so it can grow under Bagtikan. | Both suit the same land: 100% of the squares that suit the smaller set suit both. | They share planting months: Jul, Aug. | Their drought needs do not clash. | Their waterlogging needs do not clash. | Their roots are not both risky for pavements and pipes.",1.0,False,fits,
35,6,0.78,"Kalumpit is a lower tree (about 30 m against 60 m) that tolerates shade, so it can grow under Bagtikan. | Both suit the same land: 100% of the squares that suit the smaller set suit both. | They share planting months: Jul, Aug. | Their drought needs do not clash. | Their waterlogging needs do not clash. | Their roots are not both risky for pavements and pipes.",1.0,False,fits,
36,26,0.5631,"The species data names Banana - Saba as a partner of Robusta (Coffee). | Both suit the same land: 89% of the squares that suit the smaller set suit both. | They share planting months: May, Jun, Jul. | Their drought needs do not clash. | Their waterlogging needs do not clash. | Their roots are not both risky for pavements and pipes.",0.8925,True,fits,
36,27,0.5631,"The species data names Banana - Latundan as a partner of Robusta (Coffee). | Both suit the same land: 89% of the squares that suit the smaller set suit both. | They share planting months: May, Jun, Jul. | Their drought needs do not clash. | Their waterlogging needs do not clash. | Their roots are not both risky for pavements and pipes.",0.8925,True,fits,
37,9,0.83,"Katmon is a lower tree (about 15 m against 40 m) that tolerates shade, so it can grow under Apitong. | Both suit the same land: 100% of the squares that suit the smaller set suit both. | They share planting months: Jul, Aug. | Their drought needs do not clash. | Their waterlogging needs do not clash. | Their roots are not both risky for pavements and pipes.",1.0,False,fits,
38,16,0.83,"Atsuete is a lower tree (about 8 m against 15 m) that tolerates shade, so it can grow under Chesa/Tiesa. | Both suit the same land: 100% of the squares that suit the smaller set suit both. | They share planting months: May, Jun, Jul. | Their drought needs do not clash. | Their waterlogging needs do not clash. | Their roots are not both risky for pavements and pipes.",1.0,False,fits,
38,26,0.8,"Banana - Saba is a lower tree (about 6 m against 15 m) that tolerates shade, so it can grow under Chesa/Tiesa. | Both suit the same land: 100% of the squares that suit the smaller set suit both. | They share planting months: May, Jun, Jul. | Their drought needs do not clash. | Their waterlogging needs do not clash. | Their roots are not both risky for pavements and pipes.",1.0,False,fits,
38,15,0.77,"Guyabano is a lower tree (about 8 m against 15 m) that tolerates shade, so it can grow under Chesa/Tiesa. | Both suit the same land: 100% of the squares that suit the smaller set suit both. | They share planting months: May, Jun, Jul. | Their drought needs do not clash. | Their waterlogging needs do not clash. | Their roots are not both risky for pavements and pipes.",1.0,False,fits,
38,36,0.7631,"Robusta (Coffee) is a lower tree (about 5 m against 15 m) that tolerates shade, so it can grow under Chesa/Tiesa. | Both suit the same land: 89% of the squares that suit the smaller set suit both. | They share planting months: May, Jun, Jul. | Their drought needs do not clash. | Their waterlogging needs do not clash. | Their roots are not both risky for pavements and pipes.",0.8925,False,fits,
39,26,0.79,"Banana - Saba is a lower tree (about 6 m against 15 m) that tolerates shade, so it can grow under Avocado. | Both suit the same land: 100% of the squares that suit the smaller set suit both. | They share planting months: May, Jun, Jul. | Their drought needs do not clash. | Their waterlogging needs do not clash. | Their roots are not both risky for pavements and pipes.",1.0,False,fits,
39,27,0.79,"Banana - Latundan is a lower tree (about 4 m against 15 m) that tolerates shade, so it can grow under Avocado. | Both suit the same land: 100% of the squares that suit the smaller set suit both. | They share planting months: May, Jun, Jul. | Their drought needs do not clash. | Their waterlogging needs do not clash. | Their roots are not both risky for pavements and pipes.",1.0,False,fits,
39,17,0.7899,"Cacao is a lower tree (about 8 m against 15 m) that tolerates shade, so it can grow under Avocado. | Both suit the same land: 100% of the squares that suit the smaller set suit both. | They share planting months: May, Jun, Jul. | Their drought needs do not clash. | Their waterlogging needs do not clash. | Their roots are not both risky for pavements and pipes.",0.9997,False,fits,
39,15,0.7699,"Guyabano is a lower tree (about 8 m against 15 m) that tolerates shade, so it can grow under Avocado. | Both suit the same land: 100% of the squares that suit the smaller set suit both. | They share planting months: May, Jun, Jul. | Their drought needs do not clash. | Their waterlogging needs do not clash. | Their roots are not both risky for pavements and pipes.",0.9997,False,fits,
39,36,0.7257,"Robusta (Coffee) is a lower tree (about 5 m against 15 m) that tolerates shade, so it can grow under Avocado. | Both suit the same land: 74% of the squares that suit the smaller set suit both. | They share planting months: May, Jun, Jul. | Their drought needs do not clash. | Their waterlogging needs do not clash. | Their roots are not both risky for pavements and pipes.",0.7428,False,fits,
41,26,0.7699,"Banana - Saba is a lower tree (about 6 m against 10 m) that tolerates shade, so it can grow under Guava. | Both suit the same land: 100% of the squares that suit the smaller set suit both. | They share planting months: May, Jun, Jul. | Their drought needs do not clash. | Their waterlogging needs do not clash. | Their roots are not both risky for pavements and pipes.",0.9998,False,fits,
41,36,0.7431,"Robusta (Coffee) is a lower tree (about 5 m against 10 m) that tolerates shade, so it can grow under Guava. | Both suit the same land: 89% of the squares that suit the smaller set suit both. | They share planting months: May, Jun, Jul. | Their drought needs do not clash. | Their waterlogging needs do not clash. | Their roots are not both risky for pavements and pipes.",0.8925,False,fits,
42,16,0.76,"Atsuete is a lower tree (about 8 m against 30 m) that tolerates shade, so it can grow under Weeping Fig (Balete). | Both suit the same land: 100% of the squares that suit the smaller set suit both. | They share planting months: May, Jun, Jul. | Their drought needs do not clash. | Their waterlogging needs do not clash. | Their roots are not both risky for pavements and pipes.",1.0,False,fits,
42,26,0.76,"Banana - Saba is a lower tree (about 6 m against 30 m) that tolerates shade, so it can grow under Weeping Fig (Balete). | Both suit the same land: 100% of the squares that suit the smaller set suit both. | They share planting months: May, Jun, Jul. | Their drought needs do not clash. | Their waterlogging needs do not clash. | Their roots are not both risky for pavements and pipes.",1.0,False,fits,
42,36,0.76,"Robusta (Coffee) is a lower tree (about 5 m against 30 m) that tolerates shade, so it can grow under Weeping Fig (Balete). | Both suit the same land: 100% of the squares that suit the smaller set suit both. | They share planting months: May, Jun, Jul. | Their drought needs do not clash. | Their waterlogging needs do not clash. | Their roots are not both risky for pavements and pipes.",1.0,False,fits,
42,38,0.76,"Chesa/Tiesa is a lower tree (about 15 m against 30 m) that tolerates shade, so it can grow under Weeping Fig (Balete). | Both suit the same land: 100% of the squares that suit the smaller set suit both. | They share planting months: May, Jun, Jul. | Their drought needs do not clash. | Their waterlogging needs do not clash. | Their roots are not both risky for pavements and pipes.",1.0,False,fits,
44,16,0.83,"Atsuete is a lower tree (about 8 m against 15 m) that tolerates shade, so it can grow under Balai Lamok. | Both suit the same land: 100% of the squares that suit the smaller set suit both. | They share planting months: May, Jun, Jul. | Their drought needs do not clash. | Their waterlogging needs do not clash. | Their roots are not both risky for pavements and pipes.",1.0,False,fits,
44,17,0.81,"Cacao is a lower tree (about 8 m against 15 m) that tolerates shade, so it can grow under Balai Lamok. | Both suit the same land: 100% of the squares that suit the smaller set suit both. | They share planting months: May, Jun, Jul. | Their drought needs do not clash. | Their waterlogging needs do not clash. | Their roots are not both risky for pavements and pipes.",1.0,False,fits,
44,26,0.8,"Banana - Saba is a lower tree (about 6 m against 15 m) that tolerates shade, so it can grow under Balai Lamok. | Both suit the same land: 100% of the squares that suit the smaller set suit both. | They share planting months: May, Jun, Jul. | Their drought needs do not clash. | Their waterlogging needs do not clash. | Their roots are not both risky for pavements and pipes.",1.0,False,fits,
44,27,0.8,"Banana - Latundan is a lower tree (about 4 m against 15 m) that tolerates shade, so it can grow under Balai Lamok. | Both suit the same land: 100% of the squares that suit the smaller set suit both. | They share planting months: May, Jun, Jul. | Their drought needs do not clash. | Their waterlogging needs do not clash. | Their roots are not both risky for pavements and pipes.",1.0,False,fits,
44,36,0.79,"Robusta (Coffee) is a lower tree (about 5 m against 15 m) that tolerates shade, so it can grow under Balai Lamok. | Both suit the same land: 100% of the squares that suit the smaller set suit both. | They share planting months: May, Jun, Jul. | Their drought needs do not clash. | Their waterlogging needs do not clash. | Their roots are not both risky for pavements and pipes.",1.0,False,fits,
44,15,0.77,"Guyabano is a lower tree (about 8 m against 15 m) that tolerates shade, so it can grow under Balai Lamok. | Both suit the same land: 100% of the squares that suit the smaller set suit both. | They share planting months: May, Jun, Jul. | Their drought needs do not clash. | Their waterlogging needs do not clash. | Their roots are not both risky for pavements and pipes.",1.0,False,fits,
45,26,0.8,"Banana - Saba is a lower tree (about 6 m against 10 m) that tolerates shade, so it can grow under Kamias. | Both suit the same land: 100% of the squares that suit the smaller set suit both. | They share planting months: May, Jun, Jul. | Their drought needs do not clash. | Their waterlogging needs do not clash. | Their roots are not both risky for pavements and pipes.",1.0,False,fits,
45,27,0.8,"Banana - Latundan is a lower tree (about 4 m against 10 m) that tolerates shade, so it can grow under Kamias. | Both suit the same land: 100% of the squares that suit the smaller set suit both. | They share planting months: May, Jun, Jul. | Their drought needs do not clash. | Their waterlogging needs do not clash. | Their roots are not both risky for pavements and pipes.",1.0,False,fits,
45,36,0.7252,"Robusta (Coffee) is a lower tree (about 5 m against 10 m) that tolerates shade, so it can grow under Kamias. | Both suit the same land: 74% of the squares that suit the smaller set suit both. | They share planting months: May, Jun, Jul. | Their drought needs do not clash. | Their waterlogging needs do not clash. | Their roots are not both risky for pavements and pipes.",0.7406,False,fits,
