rule_id,trigger,text,source,provisional
habagat,the point or plan is in Maly or Dulong Bayan I or II or Santa Ana and the planting dates touch July to September (the Habagat flag),Heavy rain and flooding can wash out young trees here in July to September. Plant on higher ground or wait until the rains ease.,"MAO interview, transcript, Oct 2026",true
rehab_site,the point or plan has food-bearing trees on a landfill or special reserved square (the rehabilitation-site flag),Prefer bamboo or non-edible trees here. Do not eat or sell fruit from this site without testing.,"MAO interview, transcript, Oct 2026",true
spacing_multi,the plan has two or more species,Keep proper distance between trees so their shade and roots do not compete.,"MAO interview, transcript, Oct 2026",true
low_drought,the species has Low drought tolerance,Mulch around the base and water young trees during the dry months (December to May). A shade companion also helps.,"General practice, to be confirmed by the agriculturist",true
low_wind,the species has Low typhoon resistance (wind tolerance),Plant a windbreak row on the exposed side and stake young trees before typhoon season.,"General practice, to be confirmed by the agriculturist",true
shade_partner,the species is Cacao or Robusta (Coffee) (the species that need shade) and has a listed partner species,This tree grows better with shade. Pair it with [partner names].,"General practice from the partner rules, to be confirmed by the agriculturist",true
shade_tolerant,the species has High shade tolerance and prefers partial shade (the fields the partner rules use) and has a listed partner species but is not Cacao or Robusta (Coffee),"This tree tolerates shade, so it can grow under taller trees. Pair it with [partner names].","General practice from the partner rules, to be confirmed by the agriculturist",true
shade_cacao,the species is Cacao (added to the shade advice),Cacao needs about 60% shade.,"MAO interview, transcript, Oct 2026",true
fruit_grafted,the species has the fruit-bearing purpose tag,Ask the nursery for grafted or marcotted stock if it is available. Such trees often fruit earlier.,"MAO interview, transcript, Oct 2026",true
