root_type,species_count,urban_infrastructure_safety,watershed_soil_binding,status
Taproot,19,0.8,0.7,proposal - validate
Buttress,2,0.3,0.7,proposal - validate
Extensive Taproot,2,0.7,0.9,proposal - validate
Shallow spreading,2,0.2,0.6,proposal - validate
Deep Taproot,2,0.9,0.9,proposal - validate
Shallow Corm / Fibrous,2,0.5,0.6,proposal - validate
Shallow Taproot / Fibrous,2,0.4,0.7,proposal - validate
Massive Buttress,1,0.1,0.8,proposal - validate
Fibrous / Taproot,1,0.6,0.8,proposal - validate
Small buttresses,1,0.5,0.7,proposal - validate
Extensive Spreading,1,0.2,0.7,proposal - validate
Fibrous Rhizome,1,0.5,0.8,proposal - validate
Taproot with lateral surface roots,1,0.6,0.8,proposal - validate
Tuberous Taproot,1,0.7,0.6,proposal - validate
Extensive Fibrous,1,0.4,0.8,proposal - validate
Taproot / Fibrous,1,0.7,0.8,proposal - validate
Extensive shallow and aggressive surface roots,1,0.1,0.6,proposal - validate
"Shallow root system, highly susceptible to Phytophthora",1,0.4,0.4,proposal - validate
Fibrous,1,0.5,0.8,proposal - validate
"Extensive aggressive surface roots, aerial roots",1,0.1,0.6,proposal - validate
"Shallow taproot, fibrous",1,0.4,0.7,proposal - validate
