common_name,scientific_name,category,min_elevation_masl,max_elevation_masl,annual_rainfall_min_mm,annual_rainfall_max_mm,shade_tolerance,max_slope_percent,soil_types_allowed,min_soil_ph,max_soil_ph,drought_tolerance,waterlogging_tolerance,timber_density,mature_height_m,canopy_spread_m,root_system_type,urban_suitability,reference_source
Narra,Pterocarpus indicus,Native Timber,0,1000,1200,3000,Low,30,"Alluvial Clay, Clay-Loam",5,7.5,High,Medium,0.65,30,20,Buttress,"Parks, Roadside",https://apps.worldagroforestry.org/treedb/AFTPDFS/Pterocarpus_indicus.PDF
Molave,Vitex parviflora,Native Timber,0,700,1000,2500,Low,60,"Limestone-Based, Sandy-Clay",6,8.5,High,Low,0.93,25,15,Taproot,"Upland, Slopes",https://apps.worldagroforestry.org/treedb/AFTPDFS/Vitex_parviflora.PDF
Dao,Dracontomelon dao,Native Timber,0,800,1500,3500,Medium,45,"Alluvial Clay, Volcanic Loam",5.5,7.5,Medium,High,0.5,40,25,Buttress,"Watershed, Riparian",https://apps.worldagroforestry.org/treedb/AFTPDFS/Dracontomelon_dao.PDF
Banaba,Lagerstroemia speciosa,Native,0,800,1500,3000,Low,15,"Clay-Loam, Alluvial Clay",5,7,Medium,High,0.6,20,10,Fibrous,"Parks, Roadside",https://apps.worldagroforestry.org/treedb/AFTPDFS/Lagerstroemia_speciosa.PDF
Bitaog,Calophyllum inophyllum,Native,0,500,1000,5000,Low,20,"Sandy-Clay, Alluvial Clay",5.5,8,High,High,0.75,25,20,Taproot,"Riparian, Coastal",https://apps.worldagroforestry.org/treedb/AFTPDFS/Calophyllum_inophyllum.PDF
Kalumpit,Terminalia microcarpa,Native,0,600,1500,3500,Medium,45,"Clay-Loam, Ridge Clay",5,7.5,Medium,Medium,0.55,30,20,Buttress,"Watershed, Riverbanks",https://apps.worldagroforestry.org/treedb/AFTPDFS/Terminalia_microcarpa.PDF
Duhat,Syzygium cumini,Native Fruit,0,1200,1000,3000,Medium,30,"Alluvial Clay, Clay-Loam",5.5,7.5,High,High,0.7,20,15,Taproot,"Parks, Agroforestry",https://apps.worldagroforestry.org/treedb/AFTPDFS/Syzygium_cumini.PDF
Kamagong,Diospyros blancoi,Native Timber,0,800,1000,3000,High,45,"Ridge Clay, Volcanic Loam",5.5,7.5,High,Low,1.09,25,15,Taproot,Biodiversity,https://apps.worldagroforestry.org/treedb/AFTPDFS/Diospyros_blancoi.PDF
Katmon,Dillenia philippinensis,Native Endemic,0,800,1500,3500,High,45,"Clay-Loam, Volcanic Loam",5,6.5,Low,Medium,0.65,15,10,Taproot,"Parks, Biodiversity",https://tropical.theferns.info/viewtropical.php?id=Dillenia+philippinensis
Batikuling,Litsea leytensis,Native Timber,100,1000,1500,3000,Medium,45,"Volcanic Loam, Clay-Loam",5.5,7,Medium,Low,0.45,20,15,Taproot,Forest Restoration,https://tropical.theferns.info/viewtropical.php?id=Litsea+leytensis
Palosapis,Anisoptera thurifera,Native Timber,0,1000,1500,3500,Medium,45,"Ridge Clay, Volcanic Loam",5,6.5,Low,Low,0.65,40,25,Taproot,Watershed,https://tropical.theferns.info/viewtropical.php?id=Anisoptera+thurifera
Talisay,Terminalia catappa,Native,0,400,1000,3500,Low,15,"Sandy-Clay, Alluvial Clay",5.5,8.5,High,High,0.55,25,20,Fibrous,"Parks, Open Spaces",https://apps.worldagroforestry.org/treedb/AFTPDFS/Terminalia_catappa.PDF
Bamboo,Bambusa spinosa,Native,0,1000,1200,4000,Low,70,"Alluvial Clay, Clay-Loam",5,8,High,High,0.6,25,5,Fibrous,Riverbanks,https://tropical.theferns.info/viewtropical.php?id=Bambusa+spinosa
Langka,Artocarpus heterophyllus,Fruit Tree,0,1000,1500,2500,Medium,25,"Volcanic Loam, Clay-Loam",5.5,7.5,Medium,Low,0.6,20,15,Taproot,Agroforestry,https://apps.worldagroforestry.org/treedb/AFTPDFS/Artocarpus_heterophyllus.PDF
Guyabano,Annona muricata,Fruit Tree,0,1000,1500,2500,Medium,25,"Clay-Loam, Sandy-Clay",5.5,6.5,Medium,Low,0.4,10,8,Fibrous,Agroforestry,https://apps.worldagroforestry.org/treedb/AFTPDFS/Annona_muricata.PDF
Atsuete,Bixa orellana,Agroforestry,0,1000,1200,2000,Low,25,"Clay-Loam, Volcanic Loam",5.5,7.5,High,Low,0.4,8,6,Fibrous,Agroforestry,https://apps.worldagroforestry.org/treedb/AFTPDFS/Bixa_orellana.PDF
Cacao,Theobroma cacao,Cash Crop,0,800,1500,3000,High,20,"Volcanic Loam, Clay-Loam",5,7.5,Low,Low,0.45,8,6,Taproot,Agroforestry,https://apps.worldagroforestry.org/treedb/AFTPDFS/Theobroma_cacao.PDF
Rambutan,Nephelium lappaceum,Fruit Tree,0,600,2000,3000,Medium,20,"Clay-Loam, Volcanic Loam",5,6.5,Low,Low,0.85,20,15,Taproot,Agroforestry,https://apps.worldagroforestry.org/treedb/AFTPDFS/Nephelium_lappaceum.PDF
Kasoy,Anacardium occidentale,Fruit Tree,0,700,1000,2000,Low,25,"Sandy-Clay, Limestone-Based",5,8,High,Low,0.5,12,12,Taproot,Agroforestry,https://apps.worldagroforestry.org/treedb/AFTPDFS/Anacardium_occidentale.PDF
Sampalok,Tamarindus indica,Fruit Tree,0,1000,500,1500,Low,25,"Sandy-Clay, Clay-Loam",5.5,8.5,High,Low,0.9,25,20,Taproot,"Parks, Agroforestry",https://apps.worldagroforestry.org/treedb/AFTPDFS/Tamarindus_indica.PDF
Yakal,Shorea astylosa,Native Timber,100,800,1500,3500,Medium,45,"Ridge Clay, Volcanic Loam",5,6.5,Low,Low,0.9,40,20,Taproot,"Watershed, Slopes",ERDB / Flora Malesiana
Mango,Mangifera indica,Fruit Tree,0,1200,300,2500,Low,25,"Volcanic Loam, Clay-Loam, Alluvial Clay",5.5,7.5,High,Medium,0.6,20,20,Taproot,Agroforestry,https://apps.worldagroforestry.org/treedb/AFTPDFS/Mangifera_indica.PDF