purpose,criterion,species_columns,weight_provisional
urban,intended_use_fit,urban_tags,0.15
urban,shade_provision,canopy_spread_m;growth_rate;foliage,0.2
urban,infrastructure_safety,root_urban_safety_prov;planting_difficulty;mature_height_m,0.2
urban,storm_safety,typhoon_res;timber_density,0.15
urban,low_maintenance,drought_tol;problem_tags;care_tags,0.2
urban,native_biodiversity_value,origin;endangered,0.1
planting,intended_use_fit,urban_tags;common_uses,0.15
planting,conservation_value,endangered;origin,0.2
planting,livelihood_value,is_high_value_crop;timber_density;common_uses,0.2
planting,establishment_ease,propagation_method;germination_days;dry_season_months,0.2
planting,growth_speed,growth_rate,0.15
planting,soil_improvement_nurse,n_fixing,0.1
watershed,intended_use_fit,urban_tags,0.15
watershed,soil_binding,root_soil_binding_prov,0.25
watershed,steep_slope_tolerance,max_slope_pct,0.15
watershed,riparian_tolerance,waterlog_tol;native_habitat,0.15
watershed,cover_interception,canopy_spread_m;foliage;growth_rate,0.15
watershed,soil_improvement,n_fixing,0.1
watershed,slope_failure_resistance,typhoon_res,0.05
