site_id,longitude,latitude,actual_zone,soil_type,slope_percentage,landslide_hazard
SITE-0001,121.14111836320767,14.668837503159654,Forest Zone,Clay Loam,28.01,Moderate
SITE-0002,121.16978605854666,14.700530146559855,Forest Zone,Sandy Loam,21.06,High
SITE-0003,121.1536883435465,14.681314511918181,Medium Density Residential Zone,Silty Clay,1.62,High
SITE-0004,121.16780540646394,14.69847403088032,Forest Zone,Sandy Loam,0.77,Moderate
SITE-0005,121.1864139066203,14.684693241237591,Forest Zone,Silty Clay,8.41,High
SITE-0006,121.19972408084433,14.67623089432793,Forest Zone,Sandy Loam,15.96,Moderate
SITE-0007,121.20107550745301,14.714817537299467,Forest Zone,Sandy Loam,3.93,Moderate
SITE-0008,121.2082581892061,14.721775446390907,Forest Zone,Sandy Loam,17.82,Moderate
SITE-0009,121.19258125925163,14.724565542080406,Forest Zone,Clay Loam,21.92,Moderate
SITE-0010,121.21280994328409,14.719904873788535,Forest Zone,Clay Loam,30.57,Moderate
SITE-0011,121.20883729648554,14.671520288594596,Forest Zone,Sandy Loam,33.4,Moderate
SITE-0012,121.19900055917854,14.698109777511958,Forest Zone,Sandy Loam,0.26,Low
SITE-0013,121.18525933886883,14.720630603281256,Forest Zone,Clay Loam,21.52,Moderate
SITE-0014,121.1829459375918,14.704688190861516,Forest Zone,Sandy Loam,10.56,Moderate
SITE-0015,121.16003138738654,14.708468554676255,Forest Zone,Clay Loam,34.2,Moderate
SITE-0016,121.16197914317277,14.657968649401383,Medium Density Residential Zone,Clay Loam,17.35,Low
SITE-0017,121.1852663127211,14.70092541763463,Forest Zone,Clay Loam,2.26,High
SITE-0018,121.15594442451395,14.680966867914139,Forest Zone,Clay Loam,9.88,Moderate
SITE-0019,121.1540723066287,14.700891656344293,Forest Zone,Clay Loam,21.28,High
SITE-0020,121.17215055247354,14.665343353919313,Forest Zone,Loam,30.07,High
SITE-0021,121.17673457842433,14.662946296796065,Forest Zone,Clay Loam,24.51,Moderate
SITE-0022,121.21193608665799,14.663865307838968,Forest Zone,Loam,31.16,Moderate
SITE-0023,121.20310531806436,14.715993731938433,Forest Zone,Clay Loam,13.04,Moderate
SITE-0024,121.16903786556017,14.698037891452207,Forest Zone,Silty Clay,20.89,Low
SITE-0025,121.15358499744758,14.67549911893692,Medium Density Residential Zone,Sandy Loam,32.0,High
SITE-0026,121.18459706261868,14.726923052745917,Forest Zone,Clay Loam,0.52,Low
SITE-0027,121.19159763005875,14.674825339493745,Forest Zone,Sandy Loam,17.59,Moderate
SITE-0028,121.18909423825313,14.717042400583646,Forest Zone,Loam,24.22,Moderate
SITE-0029,121.20987657851342,14.687583054083508,Forest Zone,Loam,32.59,Low
SITE-0030,121.15311827510449,14.710929592759593,Forest Zone,Clay Loam,13.21,High
SITE-0031,121.15583287689685,14.708220910325092,Forest Zone,Clay Loam,33.01,Moderate
SITE-0032,121.17813119350859,14.706308511639588,Forest Zone,Silty Clay,15.83,Low
SITE-0033,121.17410745506584,14.661644737719534,Forest Zone,Clay Loam,26.69,Moderate
SITE-0034,121.20405883762575,14.672944003501177,Forest Zone,Clay Loam,23.44,Low
SITE-0035,121.1621916796512,14.65786239307709,Medium Density Residential Zone,Silty Clay,28.17,Low
SITE-0036,121.21369394628354,14.690654982144679,Forest Zone,Sandy Loam,29.49,High
SITE-0037,121.21298019576645,14.717970828200174,Forest Zone,Clay Loam,19.32,High
SITE-0038,121.17442748574291,14.698951637322939,Forest Zone,Sandy Loam,24.07,High
SITE-0039,121.1756593366186,14.70787942561149,Forest Zone,Sandy Loam,25.9,High
SITE-0040,121.1758652289759,14.707264891567887,Forest Zone,Sandy Loam,23.67,Moderate
SITE-0041,121.14265750225576,14.649397919447376,Medium Density Residential Zone,Clay Loam,34.86,Low
SITE-0042,121.2111347075346,14.689603906445262,Forest Zone,Clay Loam,25.7,Moderate
SITE-0043,121.20888671452776,14.67210278681149,Forest Zone,Silty Clay,27.75,Moderate
SITE-0044,121.1957130713072,14.674487743352078,Forest Zone,Sandy Loam,31.22,Moderate
SITE-0045,121.20263327102727,14.686259529761578,Forest Zone,Loam,21.18,Moderate
SITE-0046,121.20369941385364,14.72556846700364,Forest Zone,Silty Clay,6.82,Moderate
SITE-0047,121.14583172728427,14.701712668564479,Buffer Zone,Sandy Loam,32.92,Low
SITE-0048,121.15590296182866,14.655748507639531,Forest Zone,Clay Loam,25.77,High
SITE-0049,121.16169667953935,14.673352095162986,Forest Zone,Clay Loam,22.83,Low
SITE-0050,121.16679120210615,14.663924726259449,Forest Zone,Sandy Loam,23.8,High
SITE-0051,121.16675834357756,14.66949310257137,Forest Zone,Clay Loam,20.49,High
SITE-0052,121.1975482632549,14.703335275881848,Forest Zone,Sandy Loam,8.15,Moderate
SITE-0053,121.13786458727886,14.680539091591479,Medium Density Residential Zone,Sandy Loam,31.71,High
SITE-0054,121.16096274276508,14.674116542169996,Forest Zone,Loam,30.69,Moderate
SITE-0055,121.21363977414047,14.71653109019941,Forest Zone,Silty Clay,31.64,Moderate
SITE-0056,121.15788233875247,14.685098175643358,Forest Zone,Silty Clay,5.24,High
SITE-0057,121.1680822506742,14.65894448086611,Forest Zone,Clay Loam,15.69,Moderate
SITE-0058,121.20195544655084,14.716610414996598,Forest Zone,Sandy Loam,26.24,High
SITE-0059,121.20602383066692,14.70489705387818,Forest Zone,Sandy Loam,13.37,Moderate
SITE-0060,121.19394846561666,14.672231859623842,Forest Zone,Clay Loam,10.72,Low
SITE-0061,121.1932777433055,14.683059522835107,Forest Zone,Clay Loam,32.99,Low
SITE-0062,121.15844280161659,14.667547713479177,Forest Zone,Loam,34.36,Low
SITE-0063,121.15402256528166,14.682584171469404,Medium Density Residential Zone,Clay Loam,4.71,Low
SITE-0064,121.17445863036608,14.717498586703488,Forest Zone,Clay Loam,13.51,High
SITE-0065,121.1565410091672,14.696676209815065,Forest Zone,Sandy Loam,28.46,High
SITE-0066,121.14521191713685,14.652886830479268,Medium Density Residential Zone,Sandy Loam,14.39,Moderate
SITE-0067,121.1540339006171,14.711014901295291,Forest Zone,Silty Clay,30.19,Moderate
SITE-0068,121.18327133944017,14.719838426843415,Forest Zone,Sandy Loam,8.17,Moderate
SITE-0069,121.18232991625456,14.697529736000444,Forest Zone,Clay Loam,13.45,Low
SITE-0070,121.18448483841794,14.66394377890401,Forest Zone,Sandy Loam,34.97,Moderate
SITE-0071,121.16142169114863,14.697208093060084,Forest Zone,Clay Loam,19.65,Low
SITE-0072,121.19469994815468,14.698154258021736,Forest Zone,Silty Clay,4.27,Moderate
SITE-0073,121.18633888832092,14.707622042223013,Forest Zone,Clay Loam,31.75,Moderate
SITE-0074,121.16153835854614,14.6658211316264,Forest Zone,Clay Loam,3.65,Moderate
SITE-0075,121.1854344567648,14.72781451141851,Forest Zone,Clay Loam,1.7,High
SITE-0076,121.16126489998591,14.703348403288064,Forest Zone,Clay Loam,26.54,Moderate
SITE-0077,121.1818482458747,14.713667325488007,Forest Zone,Sandy Loam,0.29,Low
SITE-0078,121.21214072641153,14.694616619040213,Forest Zone,Sandy Loam,2.8,Low
SITE-0079,121.20557432433333,14.67100413480709,Forest Zone,Clay Loam,13.19,Low
SITE-0080,121.1562607901455,14.658572455725894,Forest Zone,Sandy Loam,23.59,Low
SITE-0081,121.17353400981168,14.687203439933782,Forest Zone,Silty Clay,26.4,Moderate
SITE-0082,121.17151708596249,14.669775708056786,Forest Zone,Silty Clay,30.76,Moderate
SITE-0083,121.20324869769715,14.670707771741027,Forest Zone,Sandy Loam,10.1,Moderate
SITE-0084,121.15576859108157,14.68024043900244,Forest Zone,Clay Loam,8.45,High
SITE-0085,121.17444355347372,14.72006777812895,Forest Zone,Silty Clay,9.0,Low
SITE-0086,121.18443877739958,14.689152411625589,Forest Zone,Clay Loam,30.03,Moderate
SITE-0087,121.18729069857473,14.715962668302756,Forest Zone,Silty Clay,23.77,High
SITE-0088,121.2051480689682,14.719984614372,Forest Zone,Clay Loam,3.92,Low
SITE-0089,121.17099491698232,14.689635098579597,Forest Zone,Silty Clay,21.24,High
SITE-0090,121.18971650777983,14.71833352557908,Forest Zone,Silty Clay,23.87,Moderate
SITE-0091,121.20092437203546,14.728354015678304,Forest Zone,Sandy Loam,25.8,Low
SITE-0092,121.17586114333272,14.685392755150389,Forest Zone,Sandy Loam,11.97,Moderate
SITE-0093,121.21482975057592,14.686231158054941,Forest Zone,Clay Loam,13.63,Moderate
SITE-0094,121.18801639995046,14.686532815570516,Forest Zone,Sandy Loam,34.07,Moderate
SITE-0095,121.15584855067172,14.67782380377255,Medium Density Residential Zone,Clay Loam,18.54,Moderate
SITE-0096,121.19357274914977,14.726661895935292,Forest Zone,Silty Clay,25.06,Moderate
SITE-0097,121.17140956447632,14.663794605667361,Forest Zone,Silty Clay,15.87,Moderate
SITE-0098,121.17799071361452,14.689533703029074,Forest Zone,Sandy Loam,13.47,Moderate
SITE-0099,121.20826219960796,14.67193163231739,Forest Zone,Sandy Loam,24.54,Low
SITE-0100,121.14549324325912,14.66083578338315,Medium Density Residential Zone,Clay Loam,10.2,Low
