,,,,,,,,,,
common_name,LOCAL,INTL,EXTRAS,,,,,,,
Narra,https://apps.worldagroforestry.org/treedb/AFTPDFS/Pterocarpus_indicus.PDF,"https://urbangoesgreen.com/plant-guide/ornamental/narra/

https://www.stuartxchange.org/Narra.html 

https://www.worldfloraonline.org/taxon/wfo-0000172738 

https://www.nparks.gov.sg/florafaunaweb/flora/3/0/3093 

https://terraforestry.site/agroforestry/crop-portfolio/support-regenerative-species/nitrogen-fixing-trees/pterocarpus-indicus/ ","
https://prosea.prota4u.org/view.aspx?id=3739 

http://ecop.pbworks.com/w/page/18520723/Narra--Tree 

https://kidskonnect.com/science/narra-tree/ ","TOP WEBSITES

urbangoesgreen
tropical theferns
stuartxchange
worldagroforestry
eplantai
nparks
worldflora",,,,,,
Molave,https://apps.worldagroforestry.org/treedb/AFTPDFS/Vitex_parviflora.PDF,"https://projecttreetag.ciit.edu.ph/ttp/2024/03/12/molave/

https://www.stuartxchange.org/Molave.html 

https://tropical.theferns.info/viewtropical.php?id=Vitex+parviflora

https://www.worldfloraonline.org/taxon/wfo-0000333342  ",https://www.ateneo.edu/ais/campusflora/molave,,,,,,,
Dao,https://apps.worldagroforestry.org/treedb/AFTPDFS/Dracontomelon_dao.PDF,"https://erdbservices.denr.gov.ph/eskris/iec_for_guest.php?operation=view&pk0=127

https://www.stuartxchange.org/Dao.html 

https://www.worldfloraonline.org/taxon/wfo-0000656361 

https://tropical.theferns.info/viewtropical.php?id=Dracontomelon+dao 

https://www.nparks.gov.sg/florafaunaweb/flora/3/2/3287 

https://prosea.prota4u.org/view.aspx?id=4205 ","https://apps.worldagroforestry.org/treedb2/speciesprofile.php?Spid=1792 

https://www.healthbenefitstimes.com/pacific-walnut/ ",,,,,,,
Banaba,"https://tropical.theferns.info/viewtropical.php?id=Lagerstroemia+speciosa

https://apps.worldagroforestry.org/treedb2/AFTPDFS/Lagerstroemia_speciosa.PDF ","https://www.stuartxchange.org/Banaba.html

https://www.worldfloraonline.org/taxon/wfo-0000366693

https://www.nparks.gov.sg/florafaunaweb/flora/2/9/2991  ",https://www.philstar.com/cebu-news/2011/05/09/683903/tree-month-part-1-banaba-lagerstroemia-speciosa,,,,,,,
Bitaog,https://apps.worldagroforestry.org/treedb/AFTPDFS/Calophyllum_inophyllum.PDF,"https://tropical.theferns.info/viewtropical.php?id=Calophyllum+inophyllum

https://eplantai.com/plant/indian-laurel-calophyllum-inophyllum

https://www.nparks.gov.sg/florafaunaweb/flora/2/7/2774  

https://terraforestry.site/agroforestry/crop-portfolio/essential-oil-crops/calophyllum-inophyllum-bitaog/ 

https://www.worldfloraonline.org/taxon/wfo-0000581184;jsessionid=DA7C8BB6EBD4B8897DC5045301B57273 ","https://www.stuartxchange.com/Bitaog

https://www.philstar.com/cebu-news/2012/01/09/765868/native-tree-month-bitaog-calophyllum-inophyllum-bl ",,,,,,,
Kalumpit,https://tropical.theferns.info/viewtropical.php?id=Terminalia+microcarpa,"https://www.stuartxchange.org/Kalumpit

https://www.worldfloraonline.org/taxon/wfo-0000408867;jsessionid=BEC414471F6A39671445608953DB3592 ",https://www.philstar.com/cebu-news/2012/07/24/831042/terminalia-microcarpa-decne,,,,,,,
Duhat,https://apps.worldagroforestry.org/treedb/AFTPDFS/Syzygium_cumini.PDF,"https://www.stuartxchange.org/Duhat

https://urbangoesgreen.com/plant-guide/edible/duhat/

https://www.worldfloraonline.org/taxon/wfo-0000318521 

https://tropical.theferns.info/viewtropical.php?id=Syzygium+cumini 

https://www.nparks.gov.sg/florafaunaweb/flora/3/1/3158 

",https://forestry.com/trees/duhat-tree/,,,,,,,
Kamagong,https://tropical.theferns.info/viewtropical.php?id=Diospyros+blancoi,"https://www.stuartxchange.org/Mabolo.html

https://antropocene.it/en/2023/12/01/diospyros-blancoi-2/ 

https://www.nparks.gov.sg/florafaunaweb/flora/2/8/2849 

https://www.worldfloraonline.org/taxon/wfo-0000648579","https://www.philstar.com/cebu-news/2011/12/27/762143/diospyros-philippensis-desr-gurke

https://forestry.com/trees/kamagong-tree/ ",,,,,,,
Katmon,"https://tropical.theferns.info/viewtropical.php?id=Dillenia+philippinensis

https://urbangoesgreen.com/plant-guide/ornamental/katmon/ ","https://www.stuartxchange.org/Katmon.html

https://www.nparks.gov.sg/florafaunaweb/flora/2/8/2845 

https://eplantai.com/plant/philippine-dillenia-dillenia-philippinensis 

https://www.nparks.gov.sg/florafaunaweb/flora/2/8/2845 ",https://www.picturethisai.com/care/Dillenia_philippinensis.html ,,,,,,,
Batikuling,https://tropical.theferns.info/viewtropical.php?id=Litsea+leytensis https://binhi.ph/tree-info/?tree-name=Batikuling ,"https://www.scribd.com/document/414716681/RISE-Issue-Batikuling

https://www.worldfloraonline.org/taxon/wfo-0000365685 ",https://journals.uplb.edu.ph/index.php/JESAM/article/download/879/789 ,,,,,,,
Palosapis,https://tropical.theferns.info/viewtropical.php?id=Anisoptera+thurifera,"https://www.stuartxchange.org/Palosapis 

https://www.nparks.gov.sg/florafaunaweb/flora/9/0/9069

https://www.worldfloraonline.org/taxon/wfo-0000537375  ","https://www.philstar.com/cebu-news/2012/10/08/857357/anisoptera-thurifera-physical-characteristics

https://ir.library.oregonstate.edu/downloads/j6731728d

https://forestry.com/trees/palosapis-tree/",,,,,,,
Talisay,"https://apps.worldagroforestry.org/treedb/AFTPDFS/Terminalia_catappa.PDF

https://tropical.theferns.info/viewtropical.php?id=Terminalia+catappa

https://urbangoesgreen.com/plant-guide/ornamental/talisay/  https://www.ateneo.edu/ais/campusflora/talisay ","https://www.stuartxchange.org/Talisay.html 

https://www.worldfloraonline.org/taxon/wfo-0000406800 

https://eplantai.com/plant/tropical-almond-terminalia-catappa ",https://www.nparks.gov.sg/florafaunaweb/flora/3/1/3181,,,,,,,
Clumping Bamboo,"https://www.tandfonline.com/doi/full/10.1080/15440478.2025.2522928#d1e1211 

https://urbangoesgreen.com/plant-guide/ornamental/bamboo/ ",https://bicol.da.gov.ph/wp-content/uploads/2021/09/Bamboo-technoguide-2021.pdf,"http://www.unep-iemp.org/file/2025/05/12/1747021019667.pdf

https://www.masterclass.com/articles/clumping-bamboo",,,,,,,
Langka,"https://apps.worldagroforestry.org/treedb/AFTPDFS/Artocarpus_heterophyllus.PDF

https://urbangoesgreen.com/plant-guide/edible/langka/ ",https://tropical.theferns.info/viewtropical.php?id=Artocarpus+heterophyllus,"https://www.botanicaescariocebu.com/post/the-versatile-jackfruit-langka-tree-vegan-uses-and-its-significance-in-cebu

https://www.stuartxchange.com/Langka.html ",,,,,,,
Guyabano,"https://apps.worldagroforestry.org/treedb/AFTPDFS/Annona_muricata.PDF


https://urbangoesgreen.com/plant-guide/edible/guyabano/ ",https://tropical.theferns.info/viewtropical.php?id=Annona+muricata https://www.stuartxchange.org/Guyabano.html ,"https://urbangoesgreen.com/plant-guide/edible/guyabano/

https://ourmindanao.com/wp-content/uploads/2025/11/Guyabano.pdf ",,,,,,,
Atsuete,"https://apps.worldagroforestry.org/treedb/AFTPDFS/Bixa_orellana.PDF

 https://urbangoesgreen.com/plant-guide/edible/atsuete/ ","https://urbangoesgreen.com/plant-guide/edible/atsuete/ 
https://www.stuartxchange.org/Asuete.html ",https://www.feedipedia.org/node/180,,,,,,,
Cacao,"https://apps.worldagroforestry.org/treedb/AFTPDFS/Theobroma_cacao.PDF

https://urbangoesgreen.com/plant-guide/edible/cacao/ ",https://tropical.theferns.info/viewtropical.php?id=Theobroma+cacao https://www.stuartxchange.org/Kakaw.html ,"
https://hvcdp.da.gov.ph/wp-content/uploads/2022/05/CACAO-Production-Guide.pdf

https://ispweb.pcaarrd.dost.gov.ph/isp-commodities/cacao/#industryprofile 

https://mjst.ustp.edu.ph/index.php/mjst/article/download/1952/279/5794 ",,,,,,,
Rambutan,"https://apps.worldagroforestry.org/treedb/AFTPDFS/Nephelium_lappaceum.PDF

https://urbangoesgreen.com/plant-guide/edible/rambutan/ ","https://cagayanvalley.da.gov.ph/wp-content/uploads/2018/02/rambutan_final2012.pdf


https://tropical.theferns.info/viewtropical.php?id=Nephelium+lappaceum https://www.stuartxchange.org/Rambutan.html ","
https://www.fruitrop.com/en/Articles-by-subject/Agronomy/2014/Rambutan ",,,,,,,
Kasoy,https://apps.worldagroforestry.org/treedb/AFTPDFS/Anacardium_occidentale.PDF,"https://tropical.theferns.info/viewtropical.php?id=Anacardium+occidentale

https://www.stuartxchange.org/Kasuy.html ","https://www.growables.org/information/TropicalFruit/Cashew.htm

https://www.scribd.com/doc/314828214/Cashew ",,,,,,,
Sampalok,https://apps.worldagroforestry.org/treedb/AFTPDFS/Tamarindus_indica.PDF,"https://tropical.theferns.info/viewtropical.php?id=Tamarindus+indica

https://www.stuartxchange.org/Sampalok","https://pfaf.org/user/Plant.aspx?LatinName=Tamarindus+indica

https://www.researchgate.net/publication/399909075_Manila_tamarind/link/696f35b5c906f117f2a735ce/download?_tp=eyJjb250ZXh0Ijp7ImZpcnN0UGFnZSI6InB1YmxpY2F0aW9uIiwicGFnZSI6InB1YmxpY2F0aW9uIn19

https://greenverz.com/tamarind/

https://www.picturethisai.com/care/Pithecellobium_dulce.html",,,,,,,
Yakal,https://binhi.ph/tree-info/?tree-name=Yakal ,https://tropical.theferns.info/viewtropical.php?id=Shorea+astylosa,"https://www.philstar.com/cebu-news/2012/01/23/770176/tree-month-part-2-yakal-shorea-astylosa-foxw

https://www.ateneo.edu/ais/arboretum-101-threatened-native-trees/yakal-malibato ",,,,,,,
Indian/Carabao Mango,"https://apps.worldagroforestry.org/treedb/AFTPDFS/Mangifera_indica.PDF

https://urbangoesgreen.com/plant-guide/edible/mangga/ ","https://www.stuartxchange.org/Mangga.html 

https://urbangoesgreen.com/plant-guide/edible/mangga/ 

https://www.scribd.com/document/885658893/Mango-Tree-Mangifera-Indica-Care-Characteristics-Invasive-Images-Edible 

https://philippinetrees.com/philippine-mango-tree-carabao/ ","https://www.themangofactory.com/growing-mangoes/organic-mangoes/growing-organic-mangoes-in-the-philippines/

https://ispweb.pcaarrd.dost.gov.ph/isp-commodities/mango/ ",,,,,,,#ERROR!
Santol,"https://www.studocu.com/ph/document/lyceum-of-the-philippines-university/bs-architecture/santol-tree-good-condition/105963965?sid=efab83ac-4146-4eb6-b4a5-11ae117494e51791008098

https://urbangoesgreen.com/plant-guide/edible/santol/ ","https://tropical.theferns.info/viewtropical.php?id=Sandoricum+koetjape https://farmonaut.com/asia/santol-tree-key-to-sustainable-southeast-asia-2026 

https://apps.worldagroforestry.org/treedb2/speciesprofile.php?Spid=17927 https://www.stuartxchange.org/Santol.html ",https://www.stuartxchange.org/Santol.html https://hortiforum.com/santol-5/ ,,,,,,,
Malunggay,https://pr1meraphilippines.wordpress.com/the-power-of-8/malunggay-moringa-oleifera-lam/ ,"https://www.feedipedia.org/node/124

https://apps.worldagroforestry.org/treedb2/speciesprofile.php?Spid=1169 

https://tropical.theferns.info/viewtropical.php?id=Moringa+oleifera  https://www.stuartxchange.com/Malungay ", https://urbangoesgreen.com/blog/how-to-grow-malunggay/ https://mb.com.ph/2019/05/31/amazing-information-about-moringa-malunggay/ ,,,,,,,
Star Apple,"https://www.growables.org/information/TropicalFruit/StarAppleJuliaMorton.htm 

https://urbangoesgreen.com/plant-guide/edible/caimito/ ","https://m.espacepourlavie.ca/en/biodome-flora/star-apple 

https://apps.worldagroforestry.org/treedb2/speciesprofile.php?Spid=524 

https://www.stuartxchange.org/Caimito.html 

https://tropical.theferns.info/viewtropical.php?id=Chrysophyllum+cainito ",https://www.nparks.gov.sg/florafaunaweb/flora/2/8/2803 ,,,,,,,
Banana - Saba,https://cagayandeoro.da.gov.ph/wp-content/uploads/2013/04/SABA-BANANA-PRODUCTION-GUIDE.pdf ,"https://www.stuartxchange.org/Saging.html 

https://urbangoesgreen.com/plant-guide/edible/saba-banana/ ","https://www.uog.edu/_resources/files/extension/2025-uog-extension-fact-sheet-saba-bananas.pdf https://www.fondazioneslowfood.com/en/ark-of-taste-slow-food/saging-mondo-banana/  https://permacultureplants.com/plants/banana/saba/ 
https://specialtyproduce.com/produce/Saba_Bananas_15268.php ",,,,,,,
Banana - Latundan,https://hvcdp.da.gov.ph/wp-content/uploads/2022/05/Banana-Production-Manual.pdf ,"https://hvcdp.da.gov.ph/wp-content/uploads/2022/05/Banana-Production-Manual.pdf 

https://urbangoesgreen.com/plant-guide/edible/saging/ ",https://ispweb.pcaarrd.dost.gov.ph/isp-commodities/banana/ ,,,,,,,
Coconut,"https://scispace.com/papers/coconut-tree-cocos-nucifera-products-a-review-of-global-k865umpb 

https://raskisimani.com/wp-content/uploads/2013/01/cocos-nucifera-coconut.pdf 

https://tropical.theferns.info/viewtropical.php?id=Cocos+nucifera 

https://apps.worldagroforestry.org/treedb2/speciesprofile.php?Spid=545 ","https://www.researchgate.net/publication/360892800_Coconut_Tree_Cocos_nucifera_Products_A_Review_of_Global_Cultivation_and_its_Benefits

https://urbangoesgreen.com/plant-guide/edible/niyog/ https://www.stuartxchange.org/Niyog2.html ",https://catchfoundation.in/blogs/the-coconut-tree#where-the-coconut-tree-fits-today https://www.britannica.com/plant/coconut-palm ,,,,,,,
Calamansi,"https://ati2.da.gov.ph/ati-4b/content/sites/default/files/2022-12/calamansi_final.pdf  https://projects.sare.org/media/pdf/2/0/2/2023-july-ceo-pub-calamansi.pdf 
https://www.stuartxchange.org/Kalamansi.html ","https://plotmygarden.com/plants/calamansi https://www.naturescolours.com.au/how-to-care-for-a-calamondin-calamansi-tree/ 

https://urbangoesgreen.com/plant-guide/edible/calamansi/ https://www.stuartxchange.org/Kalamansi.html ",https://projects.sare.org/media/pdf/2/0/2/2023-july-ceo-pub-calamansi.pdf ,,,,,,,
Papaya,"https://wikifarmer.com/library/en/article/how-to-grow-papaya 

https://urbangoesgreen.com/plant-guide/edible/papaya/ ","https://www.gardenia.net/plant/carica-papaya-papaya 

https://apps.worldagroforestry.org/treedb2/speciesprofile.php?Spid=442 

https://www.stuartxchange.org/Papaya.html 

https://tropical.theferns.info/viewtropical.php?id=Carica%20papaya ",https://aggie-horticulture.tamu.edu/fruit-nut/fact-sheets/papaya/ https://www.itfnet.org/v1/2016/05/papaya-agronomy/ ,,,,,,,
Fire Tree,https://philippinetrees.com/fire-tree/ https://urbangoesgreen.com/plant-guide/ornamental/fire-tree/ ,"

https://tropical.theferns.info/viewtropical.php?id=delonix+regia 

https://apps.worldagroforestry.org/treedb2/speciesprofile.php?Spid=648 https://www.stuartxchange.com/FireTree.html ",https://www.feedipedia.org/node/308 ,,,,,,,
Salinggogon,https://www.asianplant.net/Hypericaceae/Cratoxylum_formosum.htm ,"https://tropical.theferns.info/viewtropical.php?id=Cratoxylum+formosum 

https://eplantai.com/plant/pink-mempat-cratoxylum-formosum https://www.stuartxchange.org/Salingogonn ","

https://terraforestry.site/agroforestry/crop-portfolio/ornamental-landscaping-values/cratoxylum-formosum-salingogon/ 

https://www.forestfoundation.ph/wp-content/uploads/2020/08/Field-Guidebook-on-the-Native-Trees-within-the-Quirino-Forest-Landscape.pdf 

https://portal.cybertaxonomy.org/flora-malesiana/cdm_dataportal/taxon/4c8ec61d-1238-4ec8-8bf1-f1ebe26e4c0b ",,,,,,,
White Lauan,"https://treestaxonomy.blogspot.com/2016/10/white-lauan-shorea-contorta-he-white.html

https://tropical.theferns.info/viewtropical.php?id=Shorea+contorta 

https://www.viriar.com/blogs/forestry-tree-encyclopedia/shorea-contorta?srsltid=AU7gw4W9iP-OLNS5TFNcfZNsLhXcEzkjq47tpI62nvcImfsEfIQ9FZ8z 

",https://www.stuartxchange.org/LauanPuti ,https://npdc.gov.ph/inventory-of-trees/2023/03/03/white-lauan/,,,,,,,
Red Lauan,"https://binhi.ph/tree-info/?tree-name=Red%20Lauan 

https://apps.worldagroforestry.org/treedb2/speciesprofile.php?Spid=17971 ",https://www.stuartxchange.org/LauanPula ,https://tropical.theferns.info/viewtropical.php?id=Shorea+negrosensis  https://npdc.gov.ph/red-lauan/  https://npdc.gov.ph/inventory-of-trees/2023/03/03/red-lauan/ ,,,,,,,
Bagtikan,https://icceph.com/wp-content/uploads/2025/08/PARASHOREA.pdf  https://binhi.ph/tree-info/?tree-name=Bagtikan ,https://tropical.theferns.info/viewtropical.php?id=Parashorea+malaanonan ,"https://www.philstar.com/cebu-news/2011/07/25/709484/tree-month-bagtikan-parashorea-malaanonan-blanco-merrill

https://forestry.com/trees/bagtikan-tree/ ",,,,,,,
Robusta (Coffee),https://www.da.gov.ph/wp-content/uploads/2025/08/ac10_s2022.pdf https://hvcdp.da.gov.ph/wp-content/uploads/2022/05/Coffee-Production-guide.pdf ,"https://tropical.theferns.info/viewtropical.php?id=Coffea+canephora&ref=botany.one 

https://eplantai.com/plant/congo-coffeetree-coffea-canephora 

https://asianplant.net/Rubiaceae/Coffea_canephora.htm 

https://www.viriar.com/fr/blogs/fruit-tree-encyclopedia/coffea-canephora?srsltid=AU7gw4VNou4UwQZICyUWLnPn_jh1In4JXmZ9uW_IL7YREGOq2MXJahAA https://ecocrop.apps.fao.org/ecocrop/srv/en/cropView?id=750 ","
https://assets-global.echocommunity.org/pdf/FPI/PFS/Coffea+canephora.PDF 

https://gardenworld.app/en/blog/planten/coffea-canephora ",,,,,,,
Apitong,"https://repository.mainlib.upd.edu.ph/omekas/files/original/e79fc8ac7e28b72d4f9ce6adf9cf8d589aadb81f.pdf 

https://binhi.ph/tree-info/?tree-name=Apitong ","https://apps.worldagroforestry.org/treedb/AFTPDFS/Dipterocarpus_grandiflorus.PDF 

https://www.stuartxchange.com/Apitong 

https://tropical.theferns.info/viewtropical.php?id=Dipterocarpus+grandiflorus ","https://www.ateneo.edu/ais/arboretum-101-threatened-native-trees/apitong 
",,,,,,,
Chesa/Tiesa,https://neptjournal.com/upload-images/%2811%29D-1599.pdf ,"https://www.stuartxchange.org/Tiesa.html  https://www.growables.org/information/TropicalFruit/canistel.htm 

https://apps.worldagroforestry.org/treedb/AFTPDFS/Pouteria_campechiana.PDF 

https://tropical.theferns.info/viewtropical.php?id=Pouteria+campechiana 

https://www.nparks.gov.sg/florafaunaweb/flora/3/0/3086 ","https://tropical.theferns.info/viewtropical.php?id=Pouteria+campechiana 

https://prosea.prota4u.org/view.aspx?id=1535 ",,,,,,,
Avocado,https://urbangoesgreen.com/plant-guide/edible/abukado/ ,"https://adnafarms.co/blogs/farming/avocado-tree-climate-temperature-tolerance-and-microclimate 

https://apps.worldagroforestry.org/treedb2/speciesprofile.php?Spid=1274 

https://www.stuartxchange.org/Abukado.html 

https://www.nparks.gov.sg/florafaunaweb/flora/4/5/4542","https://www.avocadosource.com/cas_yearbooks/cas_21_1936/cas_1936_pg_103-108.pdf 

https://eplantai.com/plant/avocado-persea-americana ",,,,,,,
Peacock Flower Tree,https://forestry.denr.gov.ph/fmb_web/wp-content/uploads/2023/06/Philippine-Guidebook-on-Plant-Species-Suitable-for-Urban-Greening-EBOOK_compressed.pdf ,"https://toptropicals.com/catalog/uid/caesalpinia_pulcherrima.htm 

https://www.worldfloraonline.org/taxon/wfo-0000214363 

https://www.stuartxchange.org/Bulaklak.html 

https://tropical.theferns.info/viewtropical.php?id=Caesalpinia+pulcherrima 

https://www.nparks.gov.sg/florafaunaweb/flora/1/7/1740 

https://eplantai.com/plant/pride-of-barbados-caesalpinia-pulcherrima ",https://www.iplantz.com/plant/280/caesalpinia-pulcherrima/ ,,,,,,,
Guava,"https://nhb.gov.in/model-project-reports/Horticulture%20Crops/Guava/Guava1.htm 

https://urbangoesgreen.com/plant-guide/edible/bayabas/ ","https://savoursoilpermaculture.com/plant-profile-guava-psidium-guajava/ 

https://apps.worldagroforestry.org/treedb2/speciesprofile.php?Spid=1375 

https://www.stuartxchange.com/Bayabas.html 

https://www.nparks.gov.sg/florafaunaweb/flora/2/3/2374 

https://eplantai.com/plant/guava-psidium-guajava ",https://prosea.prota4u.org/view.aspx?id=1538,,,,,,,
Weeping Fig (Balete),https://urbangoesgreen.com/plant-guide/ornamental/ficus-benjamina/ ,"https://www.gardeners.com/blogs/houseplant-encyclopedia/weeping-fig-care-9712  

https://www.thespruce.com/grow-weeping-fig-indoors-1902440

 https://myplantin.com/plant/253 https://florasense.com/explore-plants/weeping-fig-tree/ 

https://www.worldfloraonline.org/taxon/wfo-0000687511 

https://tropical.theferns.info/viewtropical.php?id=ficus+benjamina 

https://www.stuartxchange.org/Balete.html 

https://www.nparks.gov.sg/florafaunaweb/flora/2/9/2902 

https://eplantai.com/plant/weeping-fig-ficus-benjamina#toxicity ",https://plantsinfo.in/plant-database/weeping-fig/,,,,,,,
Lemon,https://savoursoilpermaculture.com/plant-profile-lemon-citrus-x-limon/ ,"https://www.picturethisai.com/wiki/Citrus_limon.html

https://pfaf.org/user/Plant.aspx?LatinName=Citrus+limon 

https://www.worldfloraonline.org/taxon/wfo-0001133139 

https://www.nparks.gov.sg/florafaunaweb/flora/3/8/3821

https://eplantai.com/plant/lemon-citrus-limon  ",https://www.dasaelfer.com/en/citrus/lemon https://www.gardenia.net/plant/citrus-x-limon-lemon ,,,,,,,
Balai Lamok,https://terraforestry.site/agroforestry/crop-portfolio/ornamental-landscaping-values/crateva-religiosa-balai-lamok/ ,"https://tropical.theferns.info/viewtropical.php?id=Crateva+religiosa 

 https://www.worldfloraonline.org/taxon/wfo-0000625724;jsessionid=5A644A718D360182BD82861114C7AA2F  

https://www.stuartxchange.com/Salingbobog.html 

https://www.nparks.gov.sg/florafaunaweb/flora/2/8/2828 ",https://www.studocu.com/ph/document/president-ramon-magsaysay-state-university/bs-agriculture/philippine-guidebook-on-plant-species-suitable-for-urban-greening-ebook-compressed/117384046?sid=732306981791032314 http://www.hear.org/pier/wra/pacific/crateva_religiosa_htmlwra.htm ,,,,,,,
Kamias,https://urbangoesgreen.com/plant-guide/edible/kamias/ ,"https://apps.worldagroforestry.org/treedb/AFTPDFS/Averrhoa_bilimbi.PDF 

https://www.stuartxchange.org/Kamias.html 

https://apps.worldagroforestry.org/treedb2/speciesprofile.php?Spid=17943

https://www.worldfloraonline.org/taxon/wfo-0000557404  ","https://agriculture.com.ph/2018/08/16/the-reliable-and-sturdy-kamias-tree/ 

https://www.growables.org/information/TropicalFruit/BilimbiAgroForest.htm ",,,,,,,